[2026-09-23 05:31:20] STALE: last successful sync was 680 minute(s) ago (threshold 45).
[2026-09-23 05:31:20] Toast suppressed (cooldown active): EnQuote Sync Stale - No successful Base44 sync in 680 minutes. Check the app and network.
[2026-09-23 05:34:20] STALE: last successful sync was 683 minute(s) ago (threshold 45).
[2026-09-23 05:34:20] Toast suppressed (cooldown active): EnQuote Sync Stale - No successful Base44 sync in 683 minutes. Check the app and network.
[2026-09-23 05:37:20] STALE: last successful sync was 686 minute(s) ago (threshold 45).
[2026-09-23 05:37:20] Toast suppressed (cooldown active): EnQuote Sync Stale - No successful Base44 sync in 686 minutes. Check the app and network.
[2026-09-23 05:40:21] STALE: last successful sync was 689 minute(s) ago (threshold 45).
[2026-09-23 05:40:21] Toast suppressed (cooldown active): EnQuote Sync Stale - No successful Base44 sync in 689 minutes. Check the app and network.
[2026-09-23 05:43:20] STALE: last successful sync was 692 minute(s) ago (threshold 45).
[2026-09-23 05:43:21] Toast shown: EnQuote Sync Stale - No successful Base44 sync in 692 minutes. Check the app and network.
[2026-09-23 05:46:21] STALE: last successful sync was 695 minute(s) ago (threshold 45).
[2026-09-23 05:46:21] Toast suppressed (cooldown active): EnQuote Sync Stale - No successful Base44 sync in 695 minutes. Check the app and network.
[2026-09-23 05:49:21] STALE: last successful sync was 698 minute(s) ago (threshold 45).
[2026-09-23 05:49:21] Toast suppressed (cooldown active): EnQuote Sync Stale - No successful Base44 sync in 698 minutes. Check the app and network.
[2026-09-23 05:52:20] STALE: last successful sync was 701 minute(s) ago (threshold 45).
[2026-09-23 05:52:20] Toast suppressed (cooldown active): EnQuote Sync Stale - No successful Base44 sync in 701 minutes. Check the app and network.
[2026-09-23 05:55:20] STALE: last successful sync was 704 minute(s) ago (threshold 45).
[2026-09-23 05:55:20] Toast suppressed (cooldown active): EnQuote Sync Stale - No successful Base44 sync in 704 minutes. Check the app and network.
[2026-09-23 05:58:21] STALE: last successful sync was 707 minute(s) ago (threshold 45).
[2026-09-23 05:58:21] Toast suppressed (cooldown active): EnQuote Sync Stale - No successful Base44 sync in 707 minutes. Check the app and network.
[2026-09-23 06:01:20] STALE: last successful sync was 710 minute(s) ago (threshold 45).
[2026-09-23 06:01:20] Toast suppressed (cooldown active): EnQuote Sync Stale - No successful Base44 sync in 710 minutes. Check the app and network.
[2026-09-23 06:04:22] STALE: last successful sync was 713 minute(s) ago (threshold 45).
[2026-09-23 06:04:22] Toast suppressed (cooldown active): EnQuote Sync Stale - No successful Base44 sync in 713 minutes. Check the app and network.
[2026-09-23 06:07:20] OK: relay healthy, last successful sync 1 minute(s) ago.
[2026-09-23 06:10:21] OK: relay healthy, last successful sync 4 minute(s) ago.
[2026-09-23 06:13:20] OK: relay healthy, last successful sync 7 minute(s) ago.
[2026-09-23 06:16:20] OK: relay healthy, last successful sync 10 minute(s) ago.
[2026-09-23 06:19:20] OK: relay healthy, last successful sync 13 minute(s) ago.
[2026-09-23 06:22:20] OK: relay healthy, last successful sync 16 minute(s) ago.
[2026-09-23 06:25:20] OK: relay healthy, last successful sync 19 minute(s) ago.
[2026-09-23 06:28:20] OK: relay healthy, last successful sync 22 minute(s) ago.
[2026-09-23 06:31:21] OK: relay healthy, last successful sync 25 minute(s) ago.
[2026-09-23 06:34:21] OK: relay healthy, last successful sync 28 minute(s) ago.
[2026-09-23 06:37:21] OK: relay healthy, last successful sync 31 minute(s) ago.
[2026-09-23 06:40:21] OK: relay healthy, last successful sync 34 minute(s) ago.
[2026-09-23 06:43:20] OK: relay healthy, last successful sync 37 minute(s) ago.
[2026-09-23 06:46:20] OK: relay healthy, last successful sync 40 minute(s) ago.
[2026-09-23 06:49:21] OK: relay healthy, last successful sync 43 minute(s) ago.
[2026-09-23 06:52:21] STALE: last successful sync was 46 minute(s) ago (threshold 45).
[2026-09-23 06:52:21] Toast shown: EnQuote Sync Stale - No successful Base44 sync in 46 minutes. Check the app and network.
[2026-09-23 06:55:21] STALE: last successful sync was 49 minute(s) ago (threshold 45).
[2026-09-23 06:55:21] Toast suppressed (cooldown active): EnQuote Sync Stale - No successful Base44 sync in 49 minutes. Check the app and network.
[2026-09-23 06:58:21] STALE: last successful sync was 52 minute(s) ago (threshold 45).
[2026-09-23 06:58:21] Toast suppressed (cooldown active): EnQuote Sync Stale - No successful Base44 sync in 52 minutes. Check the app and network.
[2026-09-23 07:01:20] STALE: last successful sync was 55 minute(s) ago (threshold 45).
[2026-09-23 07:01:21] Toast suppressed (cooldown active): EnQuote Sync Stale - No successful Base44 sync in 55 minutes. Check the app and network.
[2026-09-23 07:04:21] STALE: last successful sync was 58 minute(s) ago (threshold 45).
[2026-09-23 07:04:21] Toast suppressed (cooldown active): EnQuote Sync Stale - No successful Base44 sync in 58 minutes. Check the app and network.
[2026-09-23 07:07:21] STALE: last successful sync was 61 minute(s) ago (threshold 45).
[2026-09-23 07:07:21] Toast suppressed (cooldown active): EnQuote Sync Stale - No successful Base44 sync in 61 minutes. Check the app and network.
[2026-09-23 07:10:21] STALE: last successful sync was 64 minute(s) ago (threshold 45).
[2026-09-23 07:10:21] Toast suppressed (cooldown active): EnQuote Sync Stale - No successful Base44 sync in 64 minutes. Check the app and network.
[2026-09-23 07:13:20] STALE: last successful sync was 67 minute(s) ago (threshold 45).
[2026-09-23 07:13:20] Toast suppressed (cooldown active): EnQuote Sync Stale - No successful Base44 sync in 67 minutes. Check the app and network.
[2026-09-23 07:16:21] STALE: last successful sync was 70 minute(s) ago (threshold 45).
[2026-09-23 07:16:21] Toast suppressed (cooldown active): EnQuote Sync Stale - No successful Base44 sync in 70 minutes. Check the app and network.
[2026-09-23 07:19:20] STALE: last successful sync was 73 minute(s) ago (threshold 45).
[2026-09-23 07:19:20] Toast suppressed (cooldown active): EnQuote Sync Stale - No successful Base44 sync in 73 minutes. Check the app and network.
[2026-09-23 07:22:20] STALE: last successful sync was 76 minute(s) ago (threshold 45).
[2026-09-23 07:22:20] Toast suppressed (cooldown active): EnQuote Sync Stale - No successful Base44 sync in 76 minutes. Check the app and network.
[2026-09-23 07:25:22] STALE: last successful sync was 79 minute(s) ago (threshold 45).
[2026-09-23 07:25:22] Toast shown: EnQuote Sync Stale - No successful Base44 sync in 79 minutes. Check the app and network.
[2026-09-23 07:28:20] STALE: last successful sync was 82 minute(s) ago (threshold 45).
[2026-09-23 07:28:21] Toast suppressed (cooldown active): EnQuote Sync Stale - No successful Base44 sync in 82 minutes. Check the app and network.
[2026-09-23 07:31:20] STALE: last successful sync was 85 minute(s) ago (threshold 45).
[2026-09-23 07:31:20] Toast suppressed (cooldown active): EnQuote Sync Stale - No successful Base44 sync in 85 minutes. Check the app and network.
[2026-09-23 07:34:20] STALE: last successful sync was 88 minute(s) ago (threshold 45).
[2026-09-23 07:34:20] Toast suppressed (cooldown active): EnQuote Sync Stale - No successful Base44 sync in 88 minutes. Check the app and network.
[2026-09-23 07:37:25] STALE: last successful sync was 91 minute(s) ago (threshold 45).
[2026-09-23 07:37:25] Toast suppressed (cooldown active): EnQuote Sync Stale - No successful Base44 sync in 91 minutes. Check the app and network.
[2026-09-23 07:40:20] STALE: last successful sync was 94 minute(s) ago (threshold 45).
[2026-09-23 07:40:20] Toast suppressed (cooldown active): EnQuote Sync Stale - No successful Base44 sync in 94 minutes. Check the app and network.
[2026-09-23 07:43:21] STALE: last successful sync was 97 minute(s) ago (threshold 45).
[2026-09-23 07:43:21] Toast suppressed (cooldown active): EnQuote Sync Stale - No successful Base44 sync in 97 minutes. Check the app and network.
[2026-09-23 07:46:22] STALE: last successful sync was 100 minute(s) ago (threshold 45).
[2026-09-23 07:46:22] Toast suppressed (cooldown active): EnQuote Sync Stale - No successful Base44 sync in 100 minutes. Check the app and network.
[2026-09-23 07:49:21] STALE: last successful sync was 103 minute(s) ago (threshold 45).
[2026-09-23 07:49:21] Toast suppressed (cooldown active): EnQuote Sync Stale - No successful Base44 sync in 103 minutes. Check the app and network.
[2026-09-23 07:52:20] STALE: last successful sync was 106 minute(s) ago (threshold 45).
[2026-09-23 07:52:20] Toast suppressed (cooldown active): EnQuote Sync Stale - No successful Base44 sync in 106 minutes. Check the app and network.
[2026-09-23 07:55:21] STALE: last successful sync was 109 minute(s) ago (threshold 45).
[2026-09-23 07:55:21] Toast suppressed (cooldown active): EnQuote Sync Stale - No successful Base44 sync in 109 minutes. Check the app and network.
[2026-09-23 07:58:31] STALE: last successful sync was 112 minute(s) ago (threshold 45).
[2026-09-23 07:58:31] Toast shown: EnQuote Sync Stale - No successful Base44 sync in 112 minutes. Check the app and network.
[2026-09-23 08:01:15] webhook-receiver.cjs is NOT running - restarting via Scheduled Task...
[2026-09-23 08:01:39] STALE: last successful sync was 115 minute(s) ago (threshold 45).
[2026-09-23 08:01:39] Toast suppressed (cooldown active): EnQuote Sync Stale - No successful Base44 sync in 115 minutes. Check the app and network.
[2026-09-23 08:04:23] STALE: last successful sync was 118 minute(s) ago (threshold 45).
[2026-09-23 08:04:23] Toast suppressed (cooldown active): EnQuote Sync Stale - No successful Base44 sync in 118 minutes. Check the app and network.
[2026-09-23 08:07:25] STALE: last successful sync was 121 minute(s) ago (threshold 45).
[2026-09-23 08:07:25] Toast suppressed (cooldown active): EnQuote Sync Stale - No successful Base44 sync in 121 minutes. Check the app and network.
[2026-09-23 08:10:22] STALE: last successful sync was 124 minute(s) ago (threshold 45).
[2026-09-23 08:10:22] Toast suppressed (cooldown active): EnQuote Sync Stale - No successful Base44 sync in 124 minutes. Check the app and network.
[2026-09-23 08:13:21] STALE: last successful sync was 127 minute(s) ago (threshold 45).
[2026-09-23 08:13:21] Toast suppressed (cooldown active): EnQuote Sync Stale - No successful Base44 sync in 127 minutes. Check the app and network.
[2026-09-23 08:16:23] STALE: last successful sync was 130 minute(s) ago (threshold 45).
[2026-09-23 08:16:23] Toast suppressed (cooldown active): EnQuote Sync Stale - No successful Base44 sync in 130 minutes. Check the app and network.
[2026-09-23 08:19:20] STALE: last successful sync was 133 minute(s) ago (threshold 45).
[2026-09-23 08:19:20] Toast suppressed (cooldown active): EnQuote Sync Stale - No successful Base44 sync in 133 minutes. Check the app and network.
[2026-09-23 08:22:23] STALE: last successful sync was 136 minute(s) ago (threshold 45).
[2026-09-23 08:22:23] Toast suppressed (cooldown active): EnQuote Sync Stale - No successful Base44 sync in 136 minutes. Check the app and network.
[2026-09-23 08:25:24] STALE: last successful sync was 139 minute(s) ago (threshold 45).
[2026-09-23 08:25:24] Toast suppressed (cooldown active): EnQuote Sync Stale - No successful Base44 sync in 139 minutes. Check the app and network.
[2026-09-23 08:28:22] OK: relay healthy, last successful sync 1 minute(s) ago.
[2026-09-23 08:31:22] OK: relay healthy, last successful sync 1 minute(s) ago.
[2026-09-23 08:34:23] OK: relay healthy, last successful sync 4 minute(s) ago.
[2026-09-23 08:37:22] OK: relay healthy, last successful sync 7 minute(s) ago.
[2026-09-23 08:40:21] OK: relay healthy, last successful sync 0 minute(s) ago.
[2026-09-23 08:43:24] OK: relay healthy, last successful sync 1 minute(s) ago.
[2026-09-23 08:46:23] OK: relay healthy, last successful sync 4 minute(s) ago.
[2026-09-23 08:49:22] OK: relay healthy, last successful sync 7 minute(s) ago.
[2026-09-23 08:52:20] OK: relay healthy, last successful sync 10 minute(s) ago.
[2026-09-23 08:55:20] OK: relay healthy, last successful sync 13 minute(s) ago.
[2026-09-23 08:58:20] OK: relay healthy, last successful sync 16 minute(s) ago.
[2026-09-23 09:01:20] OK: relay healthy, last successful sync 19 minute(s) ago.
[2026-09-23 09:04:23] OK: relay healthy, last successful sync 22 minute(s) ago.
[2026-09-23 09:07:19] OK: relay healthy, last successful sync 25 minute(s) ago.
[2026-09-23 09:10:19] OK: relay healthy, last successful sync 28 minute(s) ago.
[2026-09-23 09:14:15] OK: relay healthy, last successful sync 32 minute(s) ago.
[2026-09-23 09:16:19] OK: relay healthy, last successful sync 34 minute(s) ago.
[2026-09-23 09:19:24] OK: relay healthy, last successful sync 37 minute(s) ago.
[2026-09-23 09:22:23] OK: relay healthy, last successful sync 1 minute(s) ago.
[2026-09-23 09:25:20] OK: relay healthy, last successful sync 1 minute(s) ago.
[2026-09-23 09:28:24] OK: relay healthy, last successful sync 0 minute(s) ago.
[2026-09-23 09:31:24] OK: relay healthy, last successful sync 2 minute(s) ago.
[2026-09-23 09:34:21] OK: relay healthy, last successful sync 2 minute(s) ago.
[2026-09-23 09:37:20] OK: relay healthy, last successful sync 1 minute(s) ago.
[2026-09-23 09:40:20] OK: relay healthy, last successful sync 2 minute(s) ago.
[2026-09-23 09:43:20] OK: relay healthy, last successful sync 5 minute(s) ago.
[2026-09-23 09:46:21] OK: relay healthy, last successful sync 8 minute(s) ago.
[2026-09-23 09:49:23] OK: relay healthy, last successful sync 11 minute(s) ago.
[2026-09-23 09:52:22] OK: relay healthy, last successful sync 14 minute(s) ago.
[2026-09-23 09:55:24] OK: relay healthy, last successful sync 1 minute(s) ago.
[2026-09-23 09:58:22] OK: relay healthy, last successful sync 1 minute(s) ago.
[2026-09-23 10:01:24] OK: relay healthy, last successful sync 4 minute(s) ago.
[2026-09-23 10:04:22] OK: relay healthy, last successful sync 7 minute(s) ago.
[2026-09-23 10:07:21] OK: relay healthy, last successful sync 10 minute(s) ago.
[2026-09-23 10:10:21] OK: relay healthy, last successful sync 13 minute(s) ago.
[2026-09-23 10:13:22] OK: relay healthy, last successful sync 0 minute(s) ago.
[2026-09-23 10:16:20] OK: relay healthy, last successful sync 3 minute(s) ago.
[2026-09-23 10:19:26] OK: relay healthy, last successful sync 7 minute(s) ago.
[2026-09-23 10:22:29] OK: relay healthy, last successful sync 10 minute(s) ago.
[2026-09-23 10:25:21] OK: relay healthy, last successful sync 12 minute(s) ago.
[2026-09-23 10:28:22] OK: relay healthy, last successful sync 15 minute(s) ago.
[2026-09-23 10:31:22] OK: relay healthy, last successful sync 18 minute(s) ago.
[2026-09-23 10:34:22] OK: relay healthy, last successful sync 2 minute(s) ago.
[2026-09-23 10:37:23] OK: relay healthy, last successful sync 1 minute(s) ago.
[2026-09-23 10:40:26] OK: relay healthy, last successful sync 4 minute(s) ago.
[2026-09-23 10:43:22] OK: relay healthy, last successful sync 7 minute(s) ago.
[2026-09-23 10:46:22] OK: relay healthy, last successful sync 10 minute(s) ago.
[2026-09-23 10:49:23] OK: relay healthy, last successful sync 13 minute(s) ago.
[2026-09-23 10:52:19] OK: relay healthy, last successful sync 1 minute(s) ago.
[2026-09-23 10:55:18] OK: relay healthy, last successful sync 3 minute(s) ago.
[2026-09-23 10:58:19] OK: relay healthy, last successful sync 0 minute(s) ago.
[2026-09-23 11:01:19] OK: relay healthy, last successful sync 2 minute(s) ago.
[2026-09-23 11:04:19] OK: relay healthy, last successful sync 5 minute(s) ago.
[2026-09-23 11:07:18] OK: relay healthy, last successful sync 2 minute(s) ago.
[2026-09-23 11:10:19] OK: relay healthy, last successful sync 3 minute(s) ago.
[2026-09-23 11:13:19] OK: relay healthy, last successful sync 6 minute(s) ago.
[2026-09-23 11:16:19] OK: relay healthy, last successful sync 9 minute(s) ago.
[2026-09-23 11:19:19] OK: relay healthy, last successful sync 1 minute(s) ago.
[2026-09-23 11:22:19] OK: relay healthy, last successful sync 4 minute(s) ago.
[2026-09-23 11:25:19] OK: relay healthy, last successful sync 7 minute(s) ago.
[2026-09-23 11:28:19] OK: relay healthy, last successful sync 0 minute(s) ago.
[2026-09-23 11:31:19] OK: relay healthy, last successful sync 3 minute(s) ago.
[2026-09-23 11:34:19] OK: relay healthy, last successful sync 6 minute(s) ago.
[2026-09-23 11:37:19] OK: relay healthy, last successful sync 9 minute(s) ago.
[2026-09-23 11:40:19] OK: relay healthy, last successful sync 12 minute(s) ago.
[2026-09-23 11:43:18] OK: relay healthy, last successful sync 15 minute(s) ago.
[2026-09-23 11:46:19] OK: relay healthy, last successful sync 18 minute(s) ago.
[2026-09-23 11:49:19] OK: relay healthy, last successful sync 21 minute(s) ago.
[2026-09-23 11:52:19] OK: relay healthy, last successful sync 24 minute(s) ago.
[2026-09-23 11:55:19] OK: relay healthy, last successful sync 27 minute(s) ago.
[2026-09-23 11:58:20] OK: relay healthy, last successful sync 30 minute(s) ago.
[2026-09-23 12:01:20] OK: relay healthy, last successful sync 33 minute(s) ago.
[2026-09-23 12:04:20] OK: relay healthy, last successful sync 36 minute(s) ago.
[2026-09-23 12:07:19] OK: relay healthy, last successful sync 0 minute(s) ago.
[2026-09-23 12:10:20] OK: relay healthy, last successful sync 0 minute(s) ago.
[2026-09-23 12:13:20] OK: relay healthy, last successful sync 0 minute(s) ago.
[2026-09-23 12:16:19] OK: relay healthy, last successful sync 3 minute(s) ago.
[2026-09-23 12:19:20] OK: relay healthy, last successful sync 6 minute(s) ago.
[2026-09-23 12:22:15] OK: relay healthy, last successful sync 9 minute(s) ago.
[2026-09-23 12:25:19] OK: relay healthy, last successful sync 12 minute(s) ago.
[2026-09-23 12:28:21] OK: relay healthy, last successful sync 15 minute(s) ago.
[2026-09-23 12:31:25] OK: relay healthy, last successful sync 2 minute(s) ago.
[2026-09-23 12:34:24] OK: relay healthy, last successful sync 5 minute(s) ago.
[2026-09-23 12:37:22] OK: relay healthy, last successful sync 8 minute(s) ago.
[2026-09-23 12:40:24] OK: relay healthy, last successful sync 11 minute(s) ago.
[2026-09-23 12:43:22] OK: relay healthy, last successful sync 1 minute(s) ago.
[2026-09-23 12:46:20] OK: relay healthy, last successful sync 3 minute(s) ago.
[2026-09-23 12:49:21] OK: relay healthy, last successful sync 6 minute(s) ago.
[2026-09-23 12:52:20] OK: relay healthy, last successful sync 9 minute(s) ago.
[2026-09-23 12:55:24] OK: relay healthy, last successful sync 12 minute(s) ago.
[2026-09-23 12:58:24] OK: relay healthy, last successful sync 15 minute(s) ago.
[2026-09-23 13:01:21] OK: relay healthy, last successful sync 18 minute(s) ago.
[2026-09-23 13:04:23] OK: relay healthy, last successful sync 21 minute(s) ago.
[2026-09-23 13:07:24] OK: relay healthy, last successful sync 24 minute(s) ago.
[2026-09-23 13:10:24] OK: relay healthy, last successful sync 27 minute(s) ago.
[2026-09-23 13:13:24] OK: relay healthy, last successful sync 30 minute(s) ago.
[2026-09-23 13:16:21] OK: relay healthy, last successful sync 33 minute(s) ago.
[2026-09-23 13:19:22] OK: relay healthy, last successful sync 36 minute(s) ago.
[2026-09-23 13:22:21] OK: relay healthy, last successful sync 39 minute(s) ago.
[2026-09-23 13:25:22] OK: relay healthy, last successful sync 42 minute(s) ago.
[2026-09-23 13:28:22] STALE: last successful sync was 45 minute(s) ago (threshold 45).
[2026-09-23 13:28:22] Toast shown: EnQuote Sync Stale - No successful Base44 sync in 45 minutes. Check the app and network.
[2026-09-23 13:31:23] STALE: last successful sync was 48 minute(s) ago (threshold 45).
[2026-09-23 13:31:23] Toast suppressed (cooldown active): EnQuote Sync Stale - No successful Base44 sync in 48 minutes. Check the app and network.
[2026-09-23 13:34:25] STALE: last successful sync was 51 minute(s) ago (threshold 45).
[2026-09-23 13:34:25] Toast suppressed (cooldown active): EnQuote Sync Stale - No successful Base44 sync in 51 minutes. Check the app and network.
[2026-09-23 13:37:22] STALE: last successful sync was 54 minute(s) ago (threshold 45).
[2026-09-23 13:37:22] Toast suppressed (cooldown active): EnQuote Sync Stale - No successful Base44 sync in 54 minutes. Check the app and network.
[2026-09-23 13:40:23] STALE: last successful sync was 57 minute(s) ago (threshold 45).
[2026-09-23 13:40:23] Toast suppressed (cooldown active): EnQuote Sync Stale - No successful Base44 sync in 57 minutes. Check the app and network.
[2026-09-23 13:43:24] STALE: last successful sync was 60 minute(s) ago (threshold 45).
[2026-09-23 13:43:24] Toast suppressed (cooldown active): EnQuote Sync Stale - No successful Base44 sync in 60 minutes. Check the app and network.
[2026-09-23 13:46:25] STALE: last successful sync was 63 minute(s) ago (threshold 45).
[2026-09-23 13:46:25] Toast suppressed (cooldown active): EnQuote Sync Stale - No successful Base44 sync in 63 minutes. Check the app and network.
[2026-09-23 13:49:22] STALE: last successful sync was 66 minute(s) ago (threshold 45).
[2026-09-23 13:49:22] Toast suppressed (cooldown active): EnQuote Sync Stale - No successful Base44 sync in 66 minutes. Check the app and network.
[2026-09-23 13:52:21] STALE: last successful sync was 69 minute(s) ago (threshold 45).
[2026-09-23 13:52:21] Toast suppressed (cooldown active): EnQuote Sync Stale - No successful Base44 sync in 69 minutes. Check the app and network.
[2026-09-23 13:55:26] STALE: last successful sync was 72 minute(s) ago (threshold 45).
[2026-09-23 13:55:26] Toast suppressed (cooldown active): EnQuote Sync Stale - No successful Base44 sync in 72 minutes. Check the app and network.
[2026-09-23 13:58:23] STALE: last successful sync was 75 minute(s) ago (threshold 45).
[2026-09-23 13:58:24] Toast shown: EnQuote Sync Stale - No successful Base44 sync in 75 minutes. Check the app and network.
[2026-09-23 14:01:20] STALE: last successful sync was 78 minute(s) ago (threshold 45).
[2026-09-23 14:01:20] Toast suppressed (cooldown active): EnQuote Sync Stale - No successful Base44 sync in 78 minutes. Check the app and network.
[2026-09-23 14:04:21] STALE: last successful sync was 81 minute(s) ago (threshold 45).
[2026-09-23 14:04:21] Toast suppressed (cooldown active): EnQuote Sync Stale - No successful Base44 sync in 81 minutes. Check the app and network.
[2026-09-23 14:07:23] STALE: last successful sync was 84 minute(s) ago (threshold 45).
[2026-09-23 14:07:23] Toast suppressed (cooldown active): EnQuote Sync Stale - No successful Base44 sync in 84 minutes. Check the app and network.
[2026-09-23 14:10:22] STALE: last successful sync was 87 minute(s) ago (threshold 45).
[2026-09-23 14:10:22] Toast suppressed (cooldown active): EnQuote Sync Stale - No successful Base44 sync in 87 minutes. Check the app and network.
[2026-09-23 14:13:22] STALE: last successful sync was 90 minute(s) ago (threshold 45).
[2026-09-23 14:13:22] Toast suppressed (cooldown active): EnQuote Sync Stale - No successful Base44 sync in 90 minutes. Check the app and network.
[2026-09-23 14:16:22] STALE: last successful sync was 93 minute(s) ago (threshold 45).
[2026-09-23 14:16:22] Toast suppressed (cooldown active): EnQuote Sync Stale - No successful Base44 sync in 93 minutes. Check the app and network.
[2026-09-23 14:19:22] STALE: last successful sync was 96 minute(s) ago (threshold 45).
[2026-09-23 14:19:22] Toast suppressed (cooldown active): EnQuote Sync Stale - No successful Base44 sync in 96 minutes. Check the app and network.
[2026-09-23 14:22:24] OK: relay healthy, last successful sync 0 minute(s) ago.
[2026-09-23 14:25:22] OK: relay healthy, last successful sync 2 minute(s) ago.
[2026-09-23 14:28:21] OK: relay healthy, last successful sync 5 minute(s) ago.
[2026-09-23 14:31:22] OK: relay healthy, last successful sync 8 minute(s) ago.
[2026-09-23 14:34:22] OK: relay healthy, last successful sync 11 minute(s) ago.
[2026-09-23 14:37:21] OK: relay healthy, last successful sync 14 minute(s) ago.
[2026-09-23 14:40:23] OK: relay healthy, last successful sync 17 minute(s) ago.
[2026-09-23 14:43:22] OK: relay healthy, last successful sync 20 minute(s) ago.
[2026-09-23 14:46:24] OK: relay healthy, last successful sync 23 minute(s) ago.
[2026-09-23 14:49:22] OK: relay healthy, last successful sync 26 minute(s) ago.
[2026-09-23 14:52:21] OK: relay healthy, last successful sync 29 minute(s) ago.
[2026-09-23 14:55:25] OK: relay healthy, last successful sync 32 minute(s) ago.
[2026-09-23 14:58:26] OK: relay healthy, last successful sync 35 minute(s) ago.
[2026-09-23 15:01:22] OK: relay healthy, last successful sync 38 minute(s) ago.
[2026-09-23 15:04:24] OK: relay healthy, last successful sync 41 minute(s) ago.
[2026-09-23 15:07:24] OK: relay healthy, last successful sync 44 minute(s) ago.
[2026-09-23 15:10:24] STALE: last successful sync was 47 minute(s) ago (threshold 45).
[2026-09-23 15:10:24] Toast shown: EnQuote Sync Stale - No successful Base44 sync in 47 minutes. Check the app and network.
[2026-09-23 15:13:21] STALE: last successful sync was 50 minute(s) ago (threshold 45).
[2026-09-23 15:13:21] Toast suppressed (cooldown active): EnQuote Sync Stale - No successful Base44 sync in 50 minutes. Check the app and network.
[2026-09-23 15:16:24] STALE: last successful sync was 53 minute(s) ago (threshold 45).
[2026-09-23 15:16:24] Toast suppressed (cooldown active): EnQuote Sync Stale - No successful Base44 sync in 53 minutes. Check the app and network.
[2026-09-23 15:19:22] STALE: last successful sync was 56 minute(s) ago (threshold 45).
[2026-09-23 15:19:22] Toast suppressed (cooldown active): EnQuote Sync Stale - No successful Base44 sync in 56 minutes. Check the app and network.
[2026-09-23 15:22:23] STALE: last successful sync was 59 minute(s) ago (threshold 45).
[2026-09-23 15:22:23] Toast suppressed (cooldown active): EnQuote Sync Stale - No successful Base44 sync in 59 minutes. Check the app and network.
[2026-09-23 15:25:12] webhook-receiver.cjs is NOT running - restarting via Scheduled Task...
[2026-09-23 15:25:29] OK: relay healthy, last successful sync 3 minute(s) ago.
[2026-09-23 15:28:20] OK: relay healthy, last successful sync 6 minute(s) ago.
[2026-09-23 15:31:21] OK: relay healthy, last successful sync 9 minute(s) ago.
[2026-09-23 15:34:23] OK: relay healthy, last successful sync 12 minute(s) ago.
[2026-09-23 15:37:20] OK: relay healthy, last successful sync 15 minute(s) ago.
[2026-09-23 15:40:21] OK: relay healthy, last successful sync 18 minute(s) ago.
[2026-09-23 15:43:24] OK: relay healthy, last successful sync 21 minute(s) ago.
[2026-09-23 15:46:23] OK: relay healthy, last successful sync 24 minute(s) ago.
[2026-09-23 15:49:24] OK: relay healthy, last successful sync 27 minute(s) ago.
[2026-09-23 15:52:23] OK: relay healthy, last successful sync 30 minute(s) ago.
[2026-09-23 15:55:21] OK: relay healthy, last successful sync 2 minute(s) ago.
[2026-09-23 15:58:23] OK: relay healthy, last successful sync 5 minute(s) ago.
[2026-09-23 16:01:23] OK: relay healthy, last successful sync 8 minute(s) ago.
[2026-09-23 16:04:20] OK: relay healthy, last successful sync 11 minute(s) ago.
[2026-09-23 16:07:23] OK: relay healthy, last successful sync 14 minute(s) ago.
[2026-09-23 16:10:25] OK: relay healthy, last successful sync 17 minute(s) ago.
[2026-09-23 16:13:25] OK: relay healthy, last successful sync 20 minute(s) ago.
[2026-09-23 16:16:22] OK: relay healthy, last successful sync 23 minute(s) ago.
[2026-09-23 16:19:22] OK: relay healthy, last successful sync 2 minute(s) ago.
[2026-09-23 16:22:21] OK: relay healthy, last successful sync 5 minute(s) ago.
[2026-09-23 16:25:23] OK: relay healthy, last successful sync 1 minute(s) ago.
[2026-09-23 16:28:22] OK: relay healthy, last successful sync 4 minute(s) ago.
[2026-09-23 16:31:23] OK: relay healthy, last successful sync 7 minute(s) ago.
[2026-09-23 16:34:21] OK: relay healthy, last successful sync 10 minute(s) ago.
[2026-09-23 16:37:20] OK: relay healthy, last successful sync 13 minute(s) ago.
[2026-09-23 16:40:25] OK: relay healthy, last successful sync 16 minute(s) ago.
[2026-09-23 16:43:23] OK: relay healthy, last successful sync 19 minute(s) ago.
[2026-09-23 16:46:20] OK: relay healthy, last successful sync 22 minute(s) ago.
[2026-09-23 16:49:21] OK: relay healthy, last successful sync 25 minute(s) ago.
[2026-09-23 16:52:22] OK: relay healthy, last successful sync 28 minute(s) ago.
[2026-09-23 16:55:22] OK: relay healthy, last successful sync 31 minute(s) ago.
[2026-09-23 16:58:22] OK: relay healthy, last successful sync 34 minute(s) ago.
[2026-09-23 17:01:21] OK: relay healthy, last successful sync 37 minute(s) ago.
[2026-09-23 17:04:22] OK: relay healthy, last successful sync 40 minute(s) ago.
[2026-09-23 17:07:21] OK: relay healthy, last successful sync 43 minute(s) ago.
[2026-09-23 17:10:21] STALE: last successful sync was 46 minute(s) ago (threshold 45).
[2026-09-23 17:10:21] Toast shown: EnQuote Sync Stale - No successful Base44 sync in 46 minutes. Check the app and network.
[2026-09-23 17:13:22] STALE: last successful sync was 49 minute(s) ago (threshold 45).
[2026-09-23 17:13:22] Toast suppressed (cooldown active): EnQuote Sync Stale - No successful Base44 sync in 49 minutes. Check the app and network.
[2026-09-23 17:16:19] STALE: last successful sync was 52 minute(s) ago (threshold 45).
[2026-09-23 17:16:19] Toast suppressed (cooldown active): EnQuote Sync Stale - No successful Base44 sync in 52 minutes. Check the app and network.
[2026-09-23 17:19:22] STALE: last successful sync was 55 minute(s) ago (threshold 45).
[2026-09-23 17:19:23] Toast suppressed (cooldown active): EnQuote Sync Stale - No successful Base44 sync in 55 minutes. Check the app and network.
[2026-09-23 17:22:19] STALE: last successful sync was 58 minute(s) ago (threshold 45).
[2026-09-23 17:22:20] Toast suppressed (cooldown active): EnQuote Sync Stale - No successful Base44 sync in 58 minutes. Check the app and network.
[2026-09-23 17:25:19] STALE: last successful sync was 61 minute(s) ago (threshold 45).
[2026-09-23 17:25:19] Toast suppressed (cooldown active): EnQuote Sync Stale - No successful Base44 sync in 61 minutes. Check the app and network.
[2026-09-23 17:28:24] STALE: last successful sync was 64 minute(s) ago (threshold 45).
[2026-09-23 17:28:24] Toast suppressed (cooldown active): EnQuote Sync Stale - No successful Base44 sync in 64 minutes. Check the app and network.
[2026-09-23 17:31:21] STALE: last successful sync was 67 minute(s) ago (threshold 45).
[2026-09-23 17:31:21] Toast suppressed (cooldown active): EnQuote Sync Stale - No successful Base44 sync in 67 minutes. Check the app and network.
[2026-09-23 17:34:22] STALE: last successful sync was 70 minute(s) ago (threshold 45).
[2026-09-23 17:34:22] Toast suppressed (cooldown active): EnQuote Sync Stale - No successful Base44 sync in 70 minutes. Check the app and network.
[2026-09-23 17:37:23] STALE: last successful sync was 73 minute(s) ago (threshold 45).
[2026-09-23 17:37:23] Toast suppressed (cooldown active): EnQuote Sync Stale - No successful Base44 sync in 73 minutes. Check the app and network.
[2026-09-23 17:40:23] STALE: last successful sync was 76 minute(s) ago (threshold 45).
[2026-09-23 17:40:23] Toast shown: EnQuote Sync Stale - No successful Base44 sync in 76 minutes. Check the app and network.
[2026-09-23 17:43:24] STALE: last successful sync was 79 minute(s) ago (threshold 45).
[2026-09-23 17:43:24] Toast suppressed (cooldown active): EnQuote Sync Stale - No successful Base44 sync in 79 minutes. Check the app and network.
[2026-09-23 17:46:20] STALE: last successful sync was 82 minute(s) ago (threshold 45).
[2026-09-23 17:46:20] Toast suppressed (cooldown active): EnQuote Sync Stale - No successful Base44 sync in 82 minutes. Check the app and network.
[2026-09-23 17:49:21] STALE: last successful sync was 85 minute(s) ago (threshold 45).
[2026-09-23 17:49:21] Toast suppressed (cooldown active): EnQuote Sync Stale - No successful Base44 sync in 85 minutes. Check the app and network.
[2026-09-23 17:52:21] STALE: last successful sync was 88 minute(s) ago (threshold 45).
[2026-09-23 17:52:21] Toast suppressed (cooldown active): EnQuote Sync Stale - No successful Base44 sync in 88 minutes. Check the app and network.
[2026-09-23 17:55:20] STALE: last successful sync was 91 minute(s) ago (threshold 45).
[2026-09-23 17:55:21] Toast suppressed (cooldown active): EnQuote Sync Stale - No successful Base44 sync in 91 minutes. Check the app and network.
[2026-09-23 17:58:19] STALE: last successful sync was 94 minute(s) ago (threshold 45).
[2026-09-23 17:58:20] Toast suppressed (cooldown active): EnQuote Sync Stale - No successful Base44 sync in 94 minutes. Check the app and network.
[2026-09-23 18:01:20] STALE: last successful sync was 97 minute(s) ago (threshold 45).
[2026-09-23 18:01:20] Toast suppressed (cooldown active): EnQuote Sync Stale - No successful Base44 sync in 97 minutes. Check the app and network.
[2026-09-23 18:04:23] STALE: last successful sync was 100 minute(s) ago (threshold 45).
[2026-09-23 18:04:24] Toast suppressed (cooldown active): EnQuote Sync Stale - No successful Base44 sync in 100 minutes. Check the app and network.
[2026-09-23 18:07:19] STALE: last successful sync was 103 minute(s) ago (threshold 45).
[2026-09-23 18:07:20] Toast suppressed (cooldown active): EnQuote Sync Stale - No successful Base44 sync in 103 minutes. Check the app and network.
[2026-09-23 18:10:21] STALE: last successful sync was 106 minute(s) ago (threshold 45).
[2026-09-23 18:10:21] Toast suppressed (cooldown active): EnQuote Sync Stale - No successful Base44 sync in 106 minutes. Check the app and network.
[2026-09-23 18:13:21] STALE: last successful sync was 109 minute(s) ago (threshold 45).
[2026-09-23 18:13:21] Toast shown: EnQuote Sync Stale - No successful Base44 sync in 109 minutes. Check the app and network.
[2026-09-23 18:16:22] STALE: last successful sync was 112 minute(s) ago (threshold 45).
[2026-09-23 18:16:22] Toast suppressed (cooldown active): EnQuote Sync Stale - No successful Base44 sync in 112 minutes. Check the app and network.
[2026-09-23 18:19:20] STALE: last successful sync was 115 minute(s) ago (threshold 45).
[2026-09-23 18:19:20] Toast suppressed (cooldown active): EnQuote Sync Stale - No successful Base44 sync in 115 minutes. Check the app and network.
[2026-09-23 18:22:23] STALE: last successful sync was 118 minute(s) ago (threshold 45).
[2026-09-23 18:22:23] Toast suppressed (cooldown active): EnQuote Sync Stale - No successful Base44 sync in 118 minutes. Check the app and network.
[2026-09-23 18:25:21] STALE: last successful sync was 121 minute(s) ago (threshold 45).
[2026-09-23 18:25:21] Toast suppressed (cooldown active): EnQuote Sync Stale - No successful Base44 sync in 121 minutes. Check the app and network.
[2026-09-23 18:28:23] STALE: last successful sync was 124 minute(s) ago (threshold 45).
[2026-09-23 18:28:23] Toast suppressed (cooldown active): EnQuote Sync Stale - No successful Base44 sync in 124 minutes. Check the app and network.
[2026-09-23 18:31:21] STALE: last successful sync was 127 minute(s) ago (threshold 45).
[2026-09-23 18:31:21] Toast suppressed (cooldown active): EnQuote Sync Stale - No successful Base44 sync in 127 minutes. Check the app and network.
[2026-09-23 18:34:21] STALE: last successful sync was 130 minute(s) ago (threshold 45).
[2026-09-23 18:34:21] Toast suppressed (cooldown active): EnQuote Sync Stale - No successful Base44 sync in 130 minutes. Check the app and network.
[2026-09-23 18:37:20] STALE: last successful sync was 133 minute(s) ago (threshold 45).
[2026-09-23 18:37:21] Toast suppressed (cooldown active): EnQuote Sync Stale - No successful Base44 sync in 133 minutes. Check the app and network.
[2026-09-23 18:40:21] STALE: last successful sync was 136 minute(s) ago (threshold 45).
[2026-09-23 18:40:21] Toast suppressed (cooldown active): EnQuote Sync Stale - No successful Base44 sync in 136 minutes. Check the app and network.
[2026-09-23 18:43:20] STALE: last successful sync was 139 minute(s) ago (threshold 45).
[2026-09-23 18:43:20] Toast suppressed (cooldown active): EnQuote Sync Stale - No successful Base44 sync in 139 minutes. Check the app and network.
[2026-09-23 18:46:19] STALE: last successful sync was 142 minute(s) ago (threshold 45).
[2026-09-23 18:46:20] Toast shown: EnQuote Sync Stale - No successful Base44 sync in 142 minutes. Check the app and network.
[2026-09-23 18:49:22] STALE: last successful sync was 145 minute(s) ago (threshold 45).
[2026-09-23 18:49:22] Toast suppressed (cooldown active): EnQuote Sync Stale - No successful Base44 sync in 145 minutes. Check the app and network.
[2026-09-23 18:52:19] STALE: last successful sync was 148 minute(s) ago (threshold 45).
[2026-09-23 18:52:19] Toast suppressed (cooldown active): EnQuote Sync Stale - No successful Base44 sync in 148 minutes. Check the app and network.
[2026-09-23 18:55:19] STALE: last successful sync was 151 minute(s) ago (threshold 45).
[2026-09-23 18:55:19] Toast suppressed (cooldown active): EnQuote Sync Stale - No successful Base44 sync in 151 minutes. Check the app and network.
[2026-09-23 18:58:19] STALE: last successful sync was 154 minute(s) ago (threshold 45).
[2026-09-23 18:58:19] Toast suppressed (cooldown active): EnQuote Sync Stale - No successful Base44 sync in 154 minutes. Check the app and network.
[2026-09-23 19:01:20] STALE: last successful sync was 157 minute(s) ago (threshold 45).
[2026-09-23 19:01:20] Toast suppressed (cooldown active): EnQuote Sync Stale - No successful Base44 sync in 157 minutes. Check the app and network.
[2026-09-23 19:04:21] STALE: last successful sync was 160 minute(s) ago (threshold 45).
[2026-09-23 19:04:22] Toast suppressed (cooldown active): EnQuote Sync Stale - No successful Base44 sync in 160 minutes. Check the app and network.
[2026-09-23 19:07:21] STALE: last successful sync was 163 minute(s) ago (threshold 45).
[2026-09-23 19:07:21] Toast suppressed (cooldown active): EnQuote Sync Stale - No successful Base44 sync in 163 minutes. Check the app and network.
[2026-09-23 19:10:19] STALE: last successful sync was 166 minute(s) ago (threshold 45).
[2026-09-23 19:10:19] Toast suppressed (cooldown active): EnQuote Sync Stale - No successful Base44 sync in 166 minutes. Check the app and network.
[2026-09-23 19:13:21] STALE: last successful sync was 169 minute(s) ago (threshold 45).
[2026-09-23 19:13:21] Toast suppressed (cooldown active): EnQuote Sync Stale - No successful Base44 sync in 169 minutes. Check the app and network.
[2026-09-23 19:16:19] STALE: last successful sync was 172 minute(s) ago (threshold 45).
[2026-09-23 19:16:19] Toast suppressed (cooldown active): EnQuote Sync Stale - No successful Base44 sync in 172 minutes. Check the app and network.
[2026-09-23 19:19:20] STALE: last successful sync was 175 minute(s) ago (threshold 45).
[2026-09-23 19:19:20] Toast shown: EnQuote Sync Stale - No successful Base44 sync in 175 minutes. Check the app and network.
[2026-09-23 19:22:20] STALE: last successful sync was 178 minute(s) ago (threshold 45).
[2026-09-23 19:22:20] Toast suppressed (cooldown active): EnQuote Sync Stale - No successful Base44 sync in 178 minutes. Check the app and network.
[2026-09-23 19:25:20] STALE: last successful sync was 181 minute(s) ago (threshold 45).
[2026-09-23 19:25:20] Toast suppressed (cooldown active): EnQuote Sync Stale - No successful Base44 sync in 181 minutes. Check the app and network.
[2026-09-23 19:28:20] STALE: last successful sync was 184 minute(s) ago (threshold 45).
[2026-09-23 19:28:20] Toast suppressed (cooldown active): EnQuote Sync Stale - No successful Base44 sync in 184 minutes. Check the app and network.
[2026-09-23 19:31:20] STALE: last successful sync was 187 minute(s) ago (threshold 45).
[2026-09-23 19:31:20] Toast suppressed (cooldown active): EnQuote Sync Stale - No successful Base44 sync in 187 minutes. Check the app and network.
[2026-09-23 19:34:21] STALE: last successful sync was 190 minute(s) ago (threshold 45).
[2026-09-23 19:34:22] Toast suppressed (cooldown active): EnQuote Sync Stale - No successful Base44 sync in 190 minutes. Check the app and network.
[2026-09-23 19:37:20] STALE: last successful sync was 193 minute(s) ago (threshold 45).
[2026-09-23 19:37:20] Toast suppressed (cooldown active): EnQuote Sync Stale - No successful Base44 sync in 193 minutes. Check the app and network.
[2026-09-23 19:40:20] STALE: last successful sync was 196 minute(s) ago (threshold 45).
[2026-09-23 19:40:20] Toast suppressed (cooldown active): EnQuote Sync Stale - No successful Base44 sync in 196 minutes. Check the app and network.
[2026-09-23 19:43:20] STALE: last successful sync was 199 minute(s) ago (threshold 45).
[2026-09-23 19:43:20] Toast suppressed (cooldown active): EnQuote Sync Stale - No successful Base44 sync in 199 minutes. Check the app and network.
[2026-09-23 19:46:20] STALE: last successful sync was 202 minute(s) ago (threshold 45).
[2026-09-23 19:46:20] Toast suppressed (cooldown active): EnQuote Sync Stale - No successful Base44 sync in 202 minutes. Check the app and network.
[2026-09-23 19:49:20] STALE: last successful sync was 205 minute(s) ago (threshold 45).
[2026-09-23 19:49:20] Toast shown: EnQuote Sync Stale - No successful Base44 sync in 205 minutes. Check the app and network.
[2026-09-23 19:52:23] STALE: last successful sync was 208 minute(s) ago (threshold 45).
[2026-09-23 19:52:23] Toast suppressed (cooldown active): EnQuote Sync Stale - No successful Base44 sync in 208 minutes. Check the app and network.
[2026-09-23 19:55:22] STALE: last successful sync was 211 minute(s) ago (threshold 45).
[2026-09-23 19:55:23] Toast suppressed (cooldown active): EnQuote Sync Stale - No successful Base44 sync in 211 minutes. Check the app and network.
[2026-09-23 19:58:21] STALE: last successful sync was 214 minute(s) ago (threshold 45).
[2026-09-23 19:58:21] Toast suppressed (cooldown active): EnQuote Sync Stale - No successful Base44 sync in 214 minutes. Check the app and network.
[2026-09-23 20:01:22] STALE: last successful sync was 217 minute(s) ago (threshold 45).
[2026-09-23 20:01:22] Toast suppressed (cooldown active): EnQuote Sync Stale - No successful Base44 sync in 217 minutes. Check the app and network.
[2026-09-23 20:04:23] STALE: last successful sync was 220 minute(s) ago (threshold 45).
[2026-09-23 20:04:23] Toast suppressed (cooldown active): EnQuote Sync Stale - No successful Base44 sync in 220 minutes. Check the app and network.
[2026-09-23 20:07:23] STALE: last successful sync was 223 minute(s) ago (threshold 45).
[2026-09-23 20:07:23] Toast suppressed (cooldown active): EnQuote Sync Stale - No successful Base44 sync in 223 minutes. Check the app and network.
[2026-09-23 20:10:21] STALE: last successful sync was 226 minute(s) ago (threshold 45).
[2026-09-23 20:10:21] Toast suppressed (cooldown active): EnQuote Sync Stale - No successful Base44 sync in 226 minutes. Check the app and network.
[2026-09-23 20:13:21] STALE: last successful sync was 229 minute(s) ago (threshold 45).
[2026-09-23 20:13:21] Toast suppressed (cooldown active): EnQuote Sync Stale - No successful Base44 sync in 229 minutes. Check the app and network.
[2026-09-23 20:16:20] STALE: last successful sync was 232 minute(s) ago (threshold 45).
[2026-09-23 20:16:20] Toast suppressed (cooldown active): EnQuote Sync Stale - No successful Base44 sync in 232 minutes. Check the app and network.
[2026-09-23 20:19:22] STALE: last successful sync was 235 minute(s) ago (threshold 45).
[2026-09-23 20:19:22] Toast shown: EnQuote Sync Stale - No successful Base44 sync in 235 minutes. Check the app and network.
[2026-09-23 20:22:20] STALE: last successful sync was 238 minute(s) ago (threshold 45).
[2026-09-23 20:22:20] Toast suppressed (cooldown active): EnQuote Sync Stale - No successful Base44 sync in 238 minutes. Check the app and network.
[2026-09-23 20:25:20] STALE: last successful sync was 241 minute(s) ago (threshold 45).
[2026-09-23 20:25:20] Toast suppressed (cooldown active): EnQuote Sync Stale - No successful Base44 sync in 241 minutes. Check the app and network.
[2026-09-23 20:28:20] STALE: last successful sync was 244 minute(s) ago (threshold 45).
[2026-09-23 20:28:20] Toast suppressed (cooldown active): EnQuote Sync Stale - No successful Base44 sync in 244 minutes. Check the app and network.
[2026-09-23 20:31:19] STALE: last successful sync was 247 minute(s) ago (threshold 45).
[2026-09-23 20:31:20] Toast suppressed (cooldown active): EnQuote Sync Stale - No successful Base44 sync in 247 minutes. Check the app and network.
[2026-09-23 20:34:21] STALE: last successful sync was 250 minute(s) ago (threshold 45).
[2026-09-23 20:34:21] Toast suppressed (cooldown active): EnQuote Sync Stale - No successful Base44 sync in 250 minutes. Check the app and network.
[2026-09-23 20:37:20] STALE: last successful sync was 253 minute(s) ago (threshold 45).
[2026-09-23 20:37:20] Toast suppressed (cooldown active): EnQuote Sync Stale - No successful Base44 sync in 253 minutes. Check the app and network.
[2026-09-23 20:40:20] STALE: last successful sync was 256 minute(s) ago (threshold 45).
[2026-09-23 20:40:21] Toast suppressed (cooldown active): EnQuote Sync Stale - No successful Base44 sync in 256 minutes. Check the app and network.
[2026-09-23 20:43:19] STALE: last successful sync was 259 minute(s) ago (threshold 45).
[2026-09-23 20:43:20] Toast suppressed (cooldown active): EnQuote Sync Stale - No successful Base44 sync in 259 minutes. Check the app and network.
[2026-09-23 20:46:20] STALE: last successful sync was 262 minute(s) ago (threshold 45).
[2026-09-23 20:46:20] Toast suppressed (cooldown active): EnQuote Sync Stale - No successful Base44 sync in 262 minutes. Check the app and network.
[2026-09-23 20:49:20] STALE: last successful sync was 265 minute(s) ago (threshold 45).
[2026-09-23 20:49:20] Toast suppressed (cooldown active): EnQuote Sync Stale - No successful Base44 sync in 265 minutes. Check the app and network.
[2026-09-23 20:52:20] STALE: last successful sync was 268 minute(s) ago (threshold 45).
[2026-09-23 20:52:20] Toast shown: EnQuote Sync Stale - No successful Base44 sync in 268 minutes. Check the app and network.
[2026-09-23 20:55:20] STALE: last successful sync was 271 minute(s) ago (threshold 45).
[2026-09-23 20:55:20] Toast suppressed (cooldown active): EnQuote Sync Stale - No successful Base44 sync in 271 minutes. Check the app and network.
[2026-09-23 20:58:20] STALE: last successful sync was 274 minute(s) ago (threshold 45).
[2026-09-23 20:58:20] Toast suppressed (cooldown active): EnQuote Sync Stale - No successful Base44 sync in 274 minutes. Check the app and network.
[2026-09-23 21:01:20] STALE: last successful sync was 277 minute(s) ago (threshold 45).
[2026-09-23 21:01:20] Toast suppressed (cooldown active): EnQuote Sync Stale - No successful Base44 sync in 277 minutes. Check the app and network.
[2026-09-23 21:04:21] STALE: last successful sync was 280 minute(s) ago (threshold 45).
[2026-09-23 21:04:21] Toast suppressed (cooldown active): EnQuote Sync Stale - No successful Base44 sync in 280 minutes. Check the app and network.
[2026-09-23 21:07:20] STALE: last successful sync was 283 minute(s) ago (threshold 45).
[2026-09-23 21:07:20] Toast suppressed (cooldown active): EnQuote Sync Stale - No successful Base44 sync in 283 minutes. Check the app and network.
[2026-09-23 21:10:19] STALE: last successful sync was 286 minute(s) ago (threshold 45).
[2026-09-23 21:10:20] Toast suppressed (cooldown active): EnQuote Sync Stale - No successful Base44 sync in 286 minutes. Check the app and network.
[2026-09-23 21:13:20] STALE: last successful sync was 289 minute(s) ago (threshold 45).
[2026-09-23 21:13:20] Toast suppressed (cooldown active): EnQuote Sync Stale - No successful Base44 sync in 289 minutes. Check the app and network.
[2026-09-23 21:16:22] STALE: last successful sync was 292 minute(s) ago (threshold 45).
[2026-09-23 21:16:22] Toast suppressed (cooldown active): EnQuote Sync Stale - No successful Base44 sync in 292 minutes. Check the app and network.
[2026-09-23 21:19:20] STALE: last successful sync was 295 minute(s) ago (threshold 45).
[2026-09-23 21:19:20] Toast suppressed (cooldown active): EnQuote Sync Stale - No successful Base44 sync in 295 minutes. Check the app and network.
[2026-09-23 21:22:20] STALE: last successful sync was 298 minute(s) ago (threshold 45).
[2026-09-23 21:22:20] Toast shown: EnQuote Sync Stale - No successful Base44 sync in 298 minutes. Check the app and network.
[2026-09-23 21:25:20] STALE: last successful sync was 301 minute(s) ago (threshold 45).
[2026-09-23 21:25:20] Toast suppressed (cooldown active): EnQuote Sync Stale - No successful Base44 sync in 301 minutes. Check the app and network.
[2026-09-23 21:28:20] STALE: last successful sync was 304 minute(s) ago (threshold 45).
[2026-09-23 21:28:20] Toast suppressed (cooldown active): EnQuote Sync Stale - No successful Base44 sync in 304 minutes. Check the app and network.
[2026-09-23 21:31:20] STALE: last successful sync was 307 minute(s) ago (threshold 45).
[2026-09-23 21:31:20] Toast suppressed (cooldown active): EnQuote Sync Stale - No successful Base44 sync in 307 minutes. Check the app and network.
[2026-09-23 21:34:21] STALE: last successful sync was 310 minute(s) ago (threshold 45).
[2026-09-23 21:34:21] Toast suppressed (cooldown active): EnQuote Sync Stale - No successful Base44 sync in 310 minutes. Check the app and network.
[2026-09-23 21:37:21] STALE: last successful sync was 313 minute(s) ago (threshold 45).
[2026-09-23 21:37:21] Toast suppressed (cooldown active): EnQuote Sync Stale - No successful Base44 sync in 313 minutes. Check the app and network.
[2026-09-23 21:40:20] STALE: last successful sync was 316 minute(s) ago (threshold 45).
[2026-09-23 21:40:20] Toast suppressed (cooldown active): EnQuote Sync Stale - No successful Base44 sync in 316 minutes. Check the app and network.
[2026-09-23 21:43:20] STALE: last successful sync was 319 minute(s) ago (threshold 45).
[2026-09-23 21:43:20] Toast suppressed (cooldown active): EnQuote Sync Stale - No successful Base44 sync in 319 minutes. Check the app and network.
[2026-09-23 21:46:20] STALE: last successful sync was 322 minute(s) ago (threshold 45).
[2026-09-23 21:46:20] Toast suppressed (cooldown active): EnQuote Sync Stale - No successful Base44 sync in 322 minutes. Check the app and network.
[2026-09-23 21:49:20] STALE: last successful sync was 325 minute(s) ago (threshold 45).
[2026-09-23 21:49:20] Toast suppressed (cooldown active): EnQuote Sync Stale - No successful Base44 sync in 325 minutes. Check the app and network.
[2026-09-23 21:52:20] STALE: last successful sync was 328 minute(s) ago (threshold 45).
[2026-09-23 21:52:20] Toast shown: EnQuote Sync Stale - No successful Base44 sync in 328 minutes. Check the app and network.
[2026-09-23 21:55:20] STALE: last successful sync was 331 minute(s) ago (threshold 45).
[2026-09-23 21:55:20] Toast suppressed (cooldown active): EnQuote Sync Stale - No successful Base44 sync in 331 minutes. Check the app and network.
[2026-09-23 21:58:20] STALE: last successful sync was 334 minute(s) ago (threshold 45).
[2026-09-23 21:58:20] Toast suppressed (cooldown active): EnQuote Sync Stale - No successful Base44 sync in 334 minutes. Check the app and network.
[2026-09-23 22:01:20] STALE: last successful sync was 337 minute(s) ago (threshold 45).
[2026-09-23 22:01:20] Toast suppressed (cooldown active): EnQuote Sync Stale - No successful Base44 sync in 337 minutes. Check the app and network.
[2026-09-23 22:04:21] STALE: last successful sync was 340 minute(s) ago (threshold 45).
[2026-09-23 22:04:21] Toast suppressed (cooldown active): EnQuote Sync Stale - No successful Base44 sync in 340 minutes. Check the app and network.
[2026-09-23 22:07:20] STALE: last successful sync was 343 minute(s) ago (threshold 45).
[2026-09-23 22:07:20] Toast suppressed (cooldown active): EnQuote Sync Stale - No successful Base44 sync in 343 minutes. Check the app and network.
[2026-09-23 22:10:20] STALE: last successful sync was 346 minute(s) ago (threshold 45).
[2026-09-23 22:10:20] Toast suppressed (cooldown active): EnQuote Sync Stale - No successful Base44 sync in 346 minutes. Check the app and network.
[2026-09-23 22:13:20] STALE: last successful sync was 349 minute(s) ago (threshold 45).
[2026-09-23 22:13:20] Toast suppressed (cooldown active): EnQuote Sync Stale - No successful Base44 sync in 349 minutes. Check the app and network.
[2026-09-23 22:16:21] STALE: last successful sync was 352 minute(s) ago (threshold 45).
[2026-09-23 22:16:21] Toast suppressed (cooldown active): EnQuote Sync Stale - No successful Base44 sync in 352 minutes. Check the app and network.
[2026-09-23 22:19:20] STALE: last successful sync was 355 minute(s) ago (threshold 45).
[2026-09-23 22:19:20] Toast suppressed (cooldown active): EnQuote Sync Stale - No successful Base44 sync in 355 minutes. Check the app and network.
[2026-09-23 22:22:20] STALE: last successful sync was 358 minute(s) ago (threshold 45).
[2026-09-23 22:22:20] Toast shown: EnQuote Sync Stale - No successful Base44 sync in 358 minutes. Check the app and network.
[2026-09-23 22:25:20] STALE: last successful sync was 361 minute(s) ago (threshold 45).
[2026-09-23 22:25:20] Toast suppressed (cooldown active): EnQuote Sync Stale - No successful Base44 sync in 361 minutes. Check the app and network.
[2026-09-23 22:28:20] STALE: last successful sync was 364 minute(s) ago (threshold 45).
[2026-09-23 22:28:20] Toast suppressed (cooldown active): EnQuote Sync Stale - No successful Base44 sync in 364 minutes. Check the app and network.
[2026-09-23 22:31:21] STALE: last successful sync was 367 minute(s) ago (threshold 45).
[2026-09-23 22:31:21] Toast suppressed (cooldown active): EnQuote Sync Stale - No successful Base44 sync in 367 minutes. Check the app and network.
[2026-09-23 22:34:21] STALE: last successful sync was 370 minute(s) ago (threshold 45).
[2026-09-23 22:34:21] Toast suppressed (cooldown active): EnQuote Sync Stale - No successful Base44 sync in 370 minutes. Check the app and network.
[2026-09-23 22:37:20] STALE: last successful sync was 373 minute(s) ago (threshold 45).
[2026-09-23 22:37:20] Toast suppressed (cooldown active): EnQuote Sync Stale - No successful Base44 sync in 373 minutes. Check the app and network.
[2026-09-23 22:40:20] STALE: last successful sync was 376 minute(s) ago (threshold 45).
[2026-09-23 22:40:20] Toast suppressed (cooldown active): EnQuote Sync Stale - No successful Base44 sync in 376 minutes. Check the app and network.
[2026-09-23 22:43:20] STALE: last successful sync was 379 minute(s) ago (threshold 45).
[2026-09-23 22:43:20] Toast suppressed (cooldown active): EnQuote Sync Stale - No successful Base44 sync in 379 minutes. Check the app and network.
[2026-09-23 22:46:21] STALE: last successful sync was 382 minute(s) ago (threshold 45).
[2026-09-23 22:46:21] Toast suppressed (cooldown active): EnQuote Sync Stale - No successful Base44 sync in 382 minutes. Check the app and network.
[2026-09-23 22:49:19] STALE: last successful sync was 385 minute(s) ago (threshold 45).
[2026-09-23 22:49:19] Toast suppressed (cooldown active): EnQuote Sync Stale - No successful Base44 sync in 385 minutes. Check the app and network.
[2026-09-23 22:52:19] STALE: last successful sync was 388 minute(s) ago (threshold 45).
[2026-09-23 22:52:19] Toast suppressed (cooldown active): EnQuote Sync Stale - No successful Base44 sync in 388 minutes. Check the app and network.
[2026-09-23 22:55:19] STALE: last successful sync was 391 minute(s) ago (threshold 45).
[2026-09-23 22:55:19] Toast shown: EnQuote Sync Stale - No successful Base44 sync in 391 minutes. Check the app and network.
[2026-09-23 22:58:19] STALE: last successful sync was 394 minute(s) ago (threshold 45).
[2026-09-23 22:58:19] Toast suppressed (cooldown active): EnQuote Sync Stale - No successful Base44 sync in 394 minutes. Check the app and network.
[2026-09-23 23:01:19] STALE: last successful sync was 397 minute(s) ago (threshold 45).
[2026-09-23 23:01:19] Toast suppressed (cooldown active): EnQuote Sync Stale - No successful Base44 sync in 397 minutes. Check the app and network.
[2026-09-23 23:04:20] STALE: last successful sync was 400 minute(s) ago (threshold 45).
[2026-09-23 23:04:20] Toast suppressed (cooldown active): EnQuote Sync Stale - No successful Base44 sync in 400 minutes. Check the app and network.
[2026-09-23 23:07:19] STALE: last successful sync was 403 minute(s) ago (threshold 45).
[2026-09-23 23:07:19] Toast suppressed (cooldown active): EnQuote Sync Stale - No successful Base44 sync in 403 minutes. Check the app and network.
[2026-09-23 23:10:19] STALE: last successful sync was 406 minute(s) ago (threshold 45).
[2026-09-23 23:10:19] Toast suppressed (cooldown active): EnQuote Sync Stale - No successful Base44 sync in 406 minutes. Check the app and network.
[2026-09-23 23:13:19] STALE: last successful sync was 409 minute(s) ago (threshold 45).
[2026-09-23 23:13:19] Toast suppressed (cooldown active): EnQuote Sync Stale - No successful Base44 sync in 409 minutes. Check the app and network.
[2026-09-23 23:16:19] STALE: last successful sync was 412 minute(s) ago (threshold 45).
[2026-09-23 23:16:19] Toast suppressed (cooldown active): EnQuote Sync Stale - No successful Base44 sync in 412 minutes. Check the app and network.
[2026-09-23 23:19:19] STALE: last successful sync was 415 minute(s) ago (threshold 45).
[2026-09-23 23:19:19] Toast suppressed (cooldown active): EnQuote Sync Stale - No successful Base44 sync in 415 minutes. Check the app and network.
[2026-09-23 23:22:19] STALE: last successful sync was 418 minute(s) ago (threshold 45).
[2026-09-23 23:22:19] Toast suppressed (cooldown active): EnQuote Sync Stale - No successful Base44 sync in 418 minutes. Check the app and network.
[2026-09-23 23:25:19] STALE: last successful sync was 421 minute(s) ago (threshold 45).
[2026-09-23 23:25:19] Toast shown: EnQuote Sync Stale - No successful Base44 sync in 421 minutes. Check the app and network.
[2026-09-23 23:28:19] STALE: last successful sync was 424 minute(s) ago (threshold 45).
[2026-09-23 23:28:19] Toast suppressed (cooldown active): EnQuote Sync Stale - No successful Base44 sync in 424 minutes. Check the app and network.
[2026-09-23 23:31:19] STALE: last successful sync was 427 minute(s) ago (threshold 45).
[2026-09-23 23:31:19] Toast suppressed (cooldown active): EnQuote Sync Stale - No successful Base44 sync in 427 minutes. Check the app and network.
[2026-09-23 23:34:20] STALE: last successful sync was 430 minute(s) ago (threshold 45).
[2026-09-23 23:34:20] Toast suppressed (cooldown active): EnQuote Sync Stale - No successful Base44 sync in 430 minutes. Check the app and network.
[2026-09-23 23:37:19] STALE: last successful sync was 433 minute(s) ago (threshold 45).
[2026-09-23 23:37:19] Toast suppressed (cooldown active): EnQuote Sync Stale - No successful Base44 sync in 433 minutes. Check the app and network.
[2026-09-23 23:40:19] STALE: last successful sync was 436 minute(s) ago (threshold 45).
[2026-09-23 23:40:20] Toast suppressed (cooldown active): EnQuote Sync Stale - No successful Base44 sync in 436 minutes. Check the app and network.
[2026-09-23 23:43:19] STALE: last successful sync was 439 minute(s) ago (threshold 45).
[2026-09-23 23:43:19] Toast suppressed (cooldown active): EnQuote Sync Stale - No successful Base44 sync in 439 minutes. Check the app and network.
[2026-09-23 23:46:19] STALE: last successful sync was 442 minute(s) ago (threshold 45).
[2026-09-23 23:46:19] Toast suppressed (cooldown active): EnQuote Sync Stale - No successful Base44 sync in 442 minutes. Check the app and network.
[2026-09-23 23:49:19] STALE: last successful sync was 445 minute(s) ago (threshold 45).
[2026-09-23 23:49:19] Toast suppressed (cooldown active): EnQuote Sync Stale - No successful Base44 sync in 445 minutes. Check the app and network.
[2026-09-23 23:52:19] STALE: last successful sync was 448 minute(s) ago (threshold 45).
[2026-09-23 23:52:19] Toast suppressed (cooldown active): EnQuote Sync Stale - No successful Base44 sync in 448 minutes. Check the app and network.
[2026-09-23 23:55:19] STALE: last successful sync was 451 minute(s) ago (threshold 45).
[2026-09-23 23:55:20] Toast shown: EnQuote Sync Stale - No successful Base44 sync in 451 minutes. Check the app and network.
[2026-09-23 23:58:19] STALE: last successful sync was 454 minute(s) ago (threshold 45).
[2026-09-23 23:58:19] Toast suppressed (cooldown active): EnQuote Sync Stale - No successful Base44 sync in 454 minutes. Check the app and network.
[2026-09-24 00:01:21] STALE: last successful sync was 457 minute(s) ago (threshold 45).
[2026-09-24 00:01:21] Toast suppressed (cooldown active): EnQuote Sync Stale - No successful Base44 sync in 457 minutes. Check the app and network.
[2026-09-24 00:04:21] STALE: last successful sync was 460 minute(s) ago (threshold 45).
[2026-09-24 00:04:21] Toast suppressed (cooldown active): EnQuote Sync Stale - No successful Base44 sync in 460 minutes. Check the app and network.
[2026-09-24 00:07:20] STALE: last successful sync was 463 minute(s) ago (threshold 45).
[2026-09-24 00:07:20] Toast suppressed (cooldown active): EnQuote Sync Stale - No successful Base44 sync in 463 minutes. Check the app and network.
[2026-09-24 00:10:20] STALE: last successful sync was 466 minute(s) ago (threshold 45).
[2026-09-24 00:10:20] Toast suppressed (cooldown active): EnQuote Sync Stale - No successful Base44 sync in 466 minutes. Check the app and network.
[2026-09-24 00:13:19] STALE: last successful sync was 469 minute(s) ago (threshold 45).
[2026-09-24 00:13:19] Toast suppressed (cooldown active): EnQuote Sync Stale - No successful Base44 sync in 469 minutes. Check the app and network.
[2026-09-24 00:16:22] STALE: last successful sync was 472 minute(s) ago (threshold 45).
[2026-09-24 00:16:22] Toast suppressed (cooldown active): EnQuote Sync Stale - No successful Base44 sync in 472 minutes. Check the app and network.
[2026-09-24 00:19:19] STALE: last successful sync was 475 minute(s) ago (threshold 45).
[2026-09-24 00:19:19] Toast suppressed (cooldown active): EnQuote Sync Stale - No successful Base44 sync in 475 minutes. Check the app and network.
[2026-09-24 00:22:20] STALE: last successful sync was 478 minute(s) ago (threshold 45).
[2026-09-24 00:22:20] Toast suppressed (cooldown active): EnQuote Sync Stale - No successful Base44 sync in 478 minutes. Check the app and network.
[2026-09-24 00:25:19] STALE: last successful sync was 481 minute(s) ago (threshold 45).
[2026-09-24 00:25:20] Toast shown: EnQuote Sync Stale - No successful Base44 sync in 481 minutes. Check the app and network.
[2026-09-24 00:28:19] STALE: last successful sync was 484 minute(s) ago (threshold 45).
[2026-09-24 00:28:19] Toast suppressed (cooldown active): EnQuote Sync Stale - No successful Base44 sync in 484 minutes. Check the app and network.
[2026-09-24 00:31:20] STALE: last successful sync was 487 minute(s) ago (threshold 45).
[2026-09-24 00:31:20] Toast suppressed (cooldown active): EnQuote Sync Stale - No successful Base44 sync in 487 minutes. Check the app and network.
[2026-09-24 00:34:20] STALE: last successful sync was 490 minute(s) ago (threshold 45).
[2026-09-24 00:34:20] Toast suppressed (cooldown active): EnQuote Sync Stale - No successful Base44 sync in 490 minutes. Check the app and network.
[2026-09-24 00:37:19] STALE: last successful sync was 493 minute(s) ago (threshold 45).
[2026-09-24 00:37:19] Toast suppressed (cooldown active): EnQuote Sync Stale - No successful Base44 sync in 493 minutes. Check the app and network.
[2026-09-24 00:40:20] STALE: last successful sync was 496 minute(s) ago (threshold 45).
[2026-09-24 00:40:20] Toast suppressed (cooldown active): EnQuote Sync Stale - No successful Base44 sync in 496 minutes. Check the app and network.
[2026-09-24 00:43:19] STALE: last successful sync was 499 minute(s) ago (threshold 45).
[2026-09-24 00:43:19] Toast suppressed (cooldown active): EnQuote Sync Stale - No successful Base44 sync in 499 minutes. Check the app and network.
[2026-09-24 00:46:19] STALE: last successful sync was 502 minute(s) ago (threshold 45).
[2026-09-24 00:46:19] Toast suppressed (cooldown active): EnQuote Sync Stale - No successful Base44 sync in 502 minutes. Check the app and network.
[2026-09-24 00:49:20] STALE: last successful sync was 505 minute(s) ago (threshold 45).
[2026-09-24 00:49:20] Toast suppressed (cooldown active): EnQuote Sync Stale - No successful Base44 sync in 505 minutes. Check the app and network.
[2026-09-24 00:52:19] STALE: last successful sync was 508 minute(s) ago (threshold 45).
[2026-09-24 00:52:20] Toast suppressed (cooldown active): EnQuote Sync Stale - No successful Base44 sync in 508 minutes. Check the app and network.
[2026-09-24 00:55:19] STALE: last successful sync was 511 minute(s) ago (threshold 45).
[2026-09-24 00:55:20] Toast shown: EnQuote Sync Stale - No successful Base44 sync in 511 minutes. Check the app and network.
[2026-09-24 00:58:20] STALE: last successful sync was 514 minute(s) ago (threshold 45).
[2026-09-24 00:58:20] Toast suppressed (cooldown active): EnQuote Sync Stale - No successful Base44 sync in 514 minutes. Check the app and network.
[2026-09-24 01:01:21] STALE: last successful sync was 517 minute(s) ago (threshold 45).
[2026-09-24 01:01:21] Toast suppressed (cooldown active): EnQuote Sync Stale - No successful Base44 sync in 517 minutes. Check the app and network.
[2026-09-24 01:04:21] STALE: last successful sync was 520 minute(s) ago (threshold 45).
[2026-09-24 01:04:21] Toast suppressed (cooldown active): EnQuote Sync Stale - No successful Base44 sync in 520 minutes. Check the app and network.
[2026-09-24 01:07:19] STALE: last successful sync was 523 minute(s) ago (threshold 45).
[2026-09-24 01:07:19] Toast suppressed (cooldown active): EnQuote Sync Stale - No successful Base44 sync in 523 minutes. Check the app and network.
[2026-09-24 01:10:19] STALE: last successful sync was 526 minute(s) ago (threshold 45).
[2026-09-24 01:10:20] Toast suppressed (cooldown active): EnQuote Sync Stale - No successful Base44 sync in 526 minutes. Check the app and network.
[2026-09-24 01:13:19] STALE: last successful sync was 529 minute(s) ago (threshold 45).
[2026-09-24 01:13:19] Toast suppressed (cooldown active): EnQuote Sync Stale - No successful Base44 sync in 529 minutes. Check the app and network.
[2026-09-24 01:16:20] STALE: last successful sync was 532 minute(s) ago (threshold 45).
[2026-09-24 01:16:20] Toast suppressed (cooldown active): EnQuote Sync Stale - No successful Base44 sync in 532 minutes. Check the app and network.
[2026-09-24 01:19:19] STALE: last successful sync was 535 minute(s) ago (threshold 45).
[2026-09-24 01:19:19] Toast suppressed (cooldown active): EnQuote Sync Stale - No successful Base44 sync in 535 minutes. Check the app and network.
[2026-09-24 01:22:20] STALE: last successful sync was 538 minute(s) ago (threshold 45).
[2026-09-24 01:22:20] Toast suppressed (cooldown active): EnQuote Sync Stale - No successful Base44 sync in 538 minutes. Check the app and network.
[2026-09-24 01:25:20] STALE: last successful sync was 541 minute(s) ago (threshold 45).
[2026-09-24 01:25:20] Toast shown: EnQuote Sync Stale - No successful Base44 sync in 541 minutes. Check the app and network.
[2026-09-24 01:28:20] STALE: last successful sync was 544 minute(s) ago (threshold 45).
[2026-09-24 01:28:20] Toast suppressed (cooldown active): EnQuote Sync Stale - No successful Base44 sync in 544 minutes. Check the app and network.
[2026-09-24 01:31:19] STALE: last successful sync was 547 minute(s) ago (threshold 45).
[2026-09-24 01:31:19] Toast suppressed (cooldown active): EnQuote Sync Stale - No successful Base44 sync in 547 minutes. Check the app and network.
[2026-09-24 01:34:20] STALE: last successful sync was 550 minute(s) ago (threshold 45).
[2026-09-24 01:34:20] Toast suppressed (cooldown active): EnQuote Sync Stale - No successful Base44 sync in 550 minutes. Check the app and network.
[2026-09-24 01:37:20] STALE: last successful sync was 553 minute(s) ago (threshold 45).
[2026-09-24 01:37:20] Toast suppressed (cooldown active): EnQuote Sync Stale - No successful Base44 sync in 553 minutes. Check the app and network.
[2026-09-24 01:40:19] STALE: last successful sync was 556 minute(s) ago (threshold 45).
[2026-09-24 01:40:20] Toast suppressed (cooldown active): EnQuote Sync Stale - No successful Base44 sync in 556 minutes. Check the app and network.
[2026-09-24 01:43:19] STALE: last successful sync was 559 minute(s) ago (threshold 45).
[2026-09-24 01:43:20] Toast suppressed (cooldown active): EnQuote Sync Stale - No successful Base44 sync in 559 minutes. Check the app and network.
[2026-09-24 01:46:21] STALE: last successful sync was 562 minute(s) ago (threshold 45).
[2026-09-24 01:46:22] Toast suppressed (cooldown active): EnQuote Sync Stale - No successful Base44 sync in 562 minutes. Check the app and network.
[2026-09-24 01:49:19] STALE: last successful sync was 565 minute(s) ago (threshold 45).
[2026-09-24 01:49:20] Toast suppressed (cooldown active): EnQuote Sync Stale - No successful Base44 sync in 565 minutes. Check the app and network.
[2026-09-24 01:52:20] STALE: last successful sync was 568 minute(s) ago (threshold 45).
[2026-09-24 01:52:20] Toast suppressed (cooldown active): EnQuote Sync Stale - No successful Base44 sync in 568 minutes. Check the app and network.
[2026-09-24 01:55:19] STALE: last successful sync was 571 minute(s) ago (threshold 45).
[2026-09-24 01:55:19] Toast suppressed (cooldown active): EnQuote Sync Stale - No successful Base44 sync in 571 minutes. Check the app and network.
[2026-09-24 01:58:20] STALE: last successful sync was 574 minute(s) ago (threshold 45).
[2026-09-24 01:58:20] Toast shown: EnQuote Sync Stale - No successful Base44 sync in 574 minutes. Check the app and network.
[2026-09-24 02:01:20] STALE: last successful sync was 577 minute(s) ago (threshold 45).
[2026-09-24 02:01:20] Toast suppressed (cooldown active): EnQuote Sync Stale - No successful Base44 sync in 577 minutes. Check the app and network.
[2026-09-24 02:04:21] STALE: last successful sync was 580 minute(s) ago (threshold 45).
[2026-09-24 02:04:21] Toast suppressed (cooldown active): EnQuote Sync Stale - No successful Base44 sync in 580 minutes. Check the app and network.
[2026-09-24 02:07:20] STALE: last successful sync was 583 minute(s) ago (threshold 45).
[2026-09-24 02:07:20] Toast suppressed (cooldown active): EnQuote Sync Stale - No successful Base44 sync in 583 minutes. Check the app and network.
[2026-09-24 02:10:19] STALE: last successful sync was 586 minute(s) ago (threshold 45).
[2026-09-24 02:10:20] Toast suppressed (cooldown active): EnQuote Sync Stale - No successful Base44 sync in 586 minutes. Check the app and network.
[2026-09-24 02:13:19] STALE: last successful sync was 589 minute(s) ago (threshold 45).
[2026-09-24 02:13:20] Toast suppressed (cooldown active): EnQuote Sync Stale - No successful Base44 sync in 589 minutes. Check the app and network.
[2026-09-24 02:16:20] STALE: last successful sync was 592 minute(s) ago (threshold 45).
[2026-09-24 02:16:20] Toast suppressed (cooldown active): EnQuote Sync Stale - No successful Base44 sync in 592 minutes. Check the app and network.
[2026-09-24 02:19:20] STALE: last successful sync was 595 minute(s) ago (threshold 45).
[2026-09-24 02:19:20] Toast suppressed (cooldown active): EnQuote Sync Stale - No successful Base44 sync in 595 minutes. Check the app and network.
[2026-09-24 02:22:20] STALE: last successful sync was 598 minute(s) ago (threshold 45).
[2026-09-24 02:22:20] Toast suppressed (cooldown active): EnQuote Sync Stale - No successful Base44 sync in 598 minutes. Check the app and network.
[2026-09-24 02:25:20] STALE: last successful sync was 601 minute(s) ago (threshold 45).
[2026-09-24 02:25:20] Toast suppressed (cooldown active): EnQuote Sync Stale - No successful Base44 sync in 601 minutes. Check the app and network.
[2026-09-24 02:28:20] STALE: last successful sync was 604 minute(s) ago (threshold 45).
[2026-09-24 02:28:20] Toast shown: EnQuote Sync Stale - No successful Base44 sync in 604 minutes. Check the app and network.
[2026-09-24 02:31:20] STALE: last successful sync was 607 minute(s) ago (threshold 45).
[2026-09-24 02:31:20] Toast suppressed (cooldown active): EnQuote Sync Stale - No successful Base44 sync in 607 minutes. Check the app and network.
[2026-09-24 02:34:21] STALE: last successful sync was 610 minute(s) ago (threshold 45).
[2026-09-24 02:34:21] Toast suppressed (cooldown active): EnQuote Sync Stale - No successful Base44 sync in 610 minutes. Check the app and network.
[2026-09-24 02:37:19] STALE: last successful sync was 613 minute(s) ago (threshold 45).
[2026-09-24 02:37:20] Toast suppressed (cooldown active): EnQuote Sync Stale - No successful Base44 sync in 613 minutes. Check the app and network.
[2026-09-24 02:40:20] STALE: last successful sync was 616 minute(s) ago (threshold 45).
[2026-09-24 02:40:20] Toast suppressed (cooldown active): EnQuote Sync Stale - No successful Base44 sync in 616 minutes. Check the app and network.
[2026-09-24 02:43:20] STALE: last successful sync was 619 minute(s) ago (threshold 45).
[2026-09-24 02:43:20] Toast suppressed (cooldown active): EnQuote Sync Stale - No successful Base44 sync in 619 minutes. Check the app and network.
[2026-09-24 02:46:20] STALE: last successful sync was 622 minute(s) ago (threshold 45).
[2026-09-24 02:46:20] Toast suppressed (cooldown active): EnQuote Sync Stale - No successful Base44 sync in 622 minutes. Check the app and network.
[2026-09-24 02:49:20] STALE: last successful sync was 625 minute(s) ago (threshold 45).
[2026-09-24 02:49:20] Toast suppressed (cooldown active): EnQuote Sync Stale - No successful Base44 sync in 625 minutes. Check the app and network.
[2026-09-24 02:52:21] STALE: last successful sync was 628 minute(s) ago (threshold 45).
[2026-09-24 02:52:21] Toast suppressed (cooldown active): EnQuote Sync Stale - No successful Base44 sync in 628 minutes. Check the app and network.
[2026-09-24 02:55:21] STALE: last successful sync was 631 minute(s) ago (threshold 45).
[2026-09-24 02:55:21] Toast suppressed (cooldown active): EnQuote Sync Stale - No successful Base44 sync in 631 minutes. Check the app and network.
[2026-09-24 02:58:20] STALE: last successful sync was 634 minute(s) ago (threshold 45).
[2026-09-24 02:58:20] Toast shown: EnQuote Sync Stale - No successful Base44 sync in 634 minutes. Check the app and network.
[2026-09-24 03:01:20] STALE: last successful sync was 637 minute(s) ago (threshold 45).
[2026-09-24 03:01:20] Toast suppressed (cooldown active): EnQuote Sync Stale - No successful Base44 sync in 637 minutes. Check the app and network.
[2026-09-24 03:04:21] STALE: last successful sync was 640 minute(s) ago (threshold 45).
[2026-09-24 03:04:21] Toast suppressed (cooldown active): EnQuote Sync Stale - No successful Base44 sync in 640 minutes. Check the app and network.
[2026-09-24 03:07:20] STALE: last successful sync was 643 minute(s) ago (threshold 45).
[2026-09-24 03:07:20] Toast suppressed (cooldown active): EnQuote Sync Stale - No successful Base44 sync in 643 minutes. Check the app and network.
[2026-09-24 03:10:20] STALE: last successful sync was 646 minute(s) ago (threshold 45).
[2026-09-24 03:10:20] Toast suppressed (cooldown active): EnQuote Sync Stale - No successful Base44 sync in 646 minutes. Check the app and network.
[2026-09-24 03:13:20] STALE: last successful sync was 649 minute(s) ago (threshold 45).
[2026-09-24 03:13:20] Toast suppressed (cooldown active): EnQuote Sync Stale - No successful Base44 sync in 649 minutes. Check the app and network.
[2026-09-24 03:16:20] STALE: last successful sync was 652 minute(s) ago (threshold 45).
[2026-09-24 03:16:20] Toast suppressed (cooldown active): EnQuote Sync Stale - No successful Base44 sync in 652 minutes. Check the app and network.
[2026-09-24 03:19:20] STALE: last successful sync was 655 minute(s) ago (threshold 45).
[2026-09-24 03:19:20] Toast suppressed (cooldown active): EnQuote Sync Stale - No successful Base44 sync in 655 minutes. Check the app and network.
[2026-09-24 03:22:20] STALE: last successful sync was 658 minute(s) ago (threshold 45).
[2026-09-24 03:22:20] Toast suppressed (cooldown active): EnQuote Sync Stale - No successful Base44 sync in 658 minutes. Check the app and network.
[2026-09-24 03:25:20] STALE: last successful sync was 661 minute(s) ago (threshold 45).
[2026-09-24 03:25:20] Toast suppressed (cooldown active): EnQuote Sync Stale - No successful Base44 sync in 661 minutes. Check the app and network.
[2026-09-24 03:28:20] STALE: last successful sync was 664 minute(s) ago (threshold 45).
[2026-09-24 03:28:20] Toast shown: EnQuote Sync Stale - No successful Base44 sync in 664 minutes. Check the app and network.
[2026-09-24 03:31:20] STALE: last successful sync was 667 minute(s) ago (threshold 45).
[2026-09-24 03:31:20] Toast suppressed (cooldown active): EnQuote Sync Stale - No successful Base44 sync in 667 minutes. Check the app and network.
[2026-09-24 03:34:21] STALE: last successful sync was 670 minute(s) ago (threshold 45).
[2026-09-24 03:34:21] Toast suppressed (cooldown active): EnQuote Sync Stale - No successful Base44 sync in 670 minutes. Check the app and network.
[2026-09-24 03:37:20] STALE: last successful sync was 673 minute(s) ago (threshold 45).
[2026-09-24 03:37:20] Toast suppressed (cooldown active): EnQuote Sync Stale - No successful Base44 sync in 673 minutes. Check the app and network.
[2026-09-24 03:40:20] STALE: last successful sync was 676 minute(s) ago (threshold 45).
[2026-09-24 03:40:20] Toast suppressed (cooldown active): EnQuote Sync Stale - No successful Base44 sync in 676 minutes. Check the app and network.
[2026-09-24 03:43:20] STALE: last successful sync was 679 minute(s) ago (threshold 45).
[2026-09-24 03:43:20] Toast suppressed (cooldown active): EnQuote Sync Stale - No successful Base44 sync in 679 minutes. Check the app and network.
[2026-09-24 03:46:20] STALE: last successful sync was 682 minute(s) ago (threshold 45).
[2026-09-24 03:46:20] Toast suppressed (cooldown active): EnQuote Sync Stale - No successful Base44 sync in 682 minutes. Check the app and network.
[2026-09-24 03:49:20] STALE: last successful sync was 685 minute(s) ago (threshold 45).
[2026-09-24 03:49:20] Toast suppressed (cooldown active): EnQuote Sync Stale - No successful Base44 sync in 685 minutes. Check the app and network.
[2026-09-24 03:52:20] STALE: last successful sync was 688 minute(s) ago (threshold 45).
[2026-09-24 03:52:20] Toast suppressed (cooldown active): EnQuote Sync Stale - No successful Base44 sync in 688 minutes. Check the app and network.
[2026-09-24 03:55:20] STALE: last successful sync was 691 minute(s) ago (threshold 45).
[2026-09-24 03:55:20] Toast suppressed (cooldown active): EnQuote Sync Stale - No successful Base44 sync in 691 minutes. Check the app and network.
[2026-09-24 03:58:20] STALE: last successful sync was 694 minute(s) ago (threshold 45).
[2026-09-24 03:58:20] Toast shown: EnQuote Sync Stale - No successful Base44 sync in 694 minutes. Check the app and network.
[2026-09-24 04:01:20] STALE: last successful sync was 697 minute(s) ago (threshold 45).
[2026-09-24 04:01:20] Toast suppressed (cooldown active): EnQuote Sync Stale - No successful Base44 sync in 697 minutes. Check the app and network.
[2026-09-24 04:04:21] STALE: last successful sync was 700 minute(s) ago (threshold 45).
[2026-09-24 04:04:21] Toast suppressed (cooldown active): EnQuote Sync Stale - No successful Base44 sync in 700 minutes. Check the app and network.
[2026-09-24 04:07:20] STALE: last successful sync was 703 minute(s) ago (threshold 45).
[2026-09-24 04:07:20] Toast suppressed (cooldown active): EnQuote Sync Stale - No successful Base44 sync in 703 minutes. Check the app and network.
[2026-09-24 04:10:20] STALE: last successful sync was 706 minute(s) ago (threshold 45).
[2026-09-24 04:10:20] Toast suppressed (cooldown active): EnQuote Sync Stale - No successful Base44 sync in 706 minutes. Check the app and network.
[2026-09-24 04:13:20] STALE: last successful sync was 709 minute(s) ago (threshold 45).
[2026-09-24 04:13:20] Toast suppressed (cooldown active): EnQuote Sync Stale - No successful Base44 sync in 709 minutes. Check the app and network.
[2026-09-24 04:16:20] STALE: last successful sync was 712 minute(s) ago (threshold 45).
[2026-09-24 04:16:20] Toast suppressed (cooldown active): EnQuote Sync Stale - No successful Base44 sync in 712 minutes. Check the app and network.
[2026-09-24 04:19:20] STALE: last successful sync was 715 minute(s) ago (threshold 45).
[2026-09-24 04:19:20] Toast suppressed (cooldown active): EnQuote Sync Stale - No successful Base44 sync in 715 minutes. Check the app and network.
[2026-09-24 04:22:20] STALE: last successful sync was 718 minute(s) ago (threshold 45).
[2026-09-24 04:22:20] Toast suppressed (cooldown active): EnQuote Sync Stale - No successful Base44 sync in 718 minutes. Check the app and network.
[2026-09-24 04:25:20] STALE: last successful sync was 721 minute(s) ago (threshold 45).
[2026-09-24 04:25:20] Toast suppressed (cooldown active): EnQuote Sync Stale - No successful Base44 sync in 721 minutes. Check the app and network.
[2026-09-24 04:28:20] STALE: last successful sync was 724 minute(s) ago (threshold 45).
[2026-09-24 04:28:20] Toast shown: EnQuote Sync Stale - No successful Base44 sync in 724 minutes. Check the app and network.
[2026-09-24 04:31:20] STALE: last successful sync was 727 minute(s) ago (threshold 45).
[2026-09-24 04:31:20] Toast suppressed (cooldown active): EnQuote Sync Stale - No successful Base44 sync in 727 minutes. Check the app and network.
[2026-09-24 04:34:21] STALE: last successful sync was 730 minute(s) ago (threshold 45).
[2026-09-24 04:34:21] Toast suppressed (cooldown active): EnQuote Sync Stale - No successful Base44 sync in 730 minutes. Check the app and network.
[2026-09-24 04:37:20] STALE: last successful sync was 733 minute(s) ago (threshold 45).
[2026-09-24 04:37:20] Toast suppressed (cooldown active): EnQuote Sync Stale - No successful Base44 sync in 733 minutes. Check the app and network.
[2026-09-24 04:40:20] STALE: last successful sync was 736 minute(s) ago (threshold 45).
[2026-09-24 04:40:20] Toast suppressed (cooldown active): EnQuote Sync Stale - No successful Base44 sync in 736 minutes. Check the app and network.
[2026-09-24 04:43:19] STALE: last successful sync was 739 minute(s) ago (threshold 45).
[2026-09-24 04:43:20] Toast suppressed (cooldown active): EnQuote Sync Stale - No successful Base44 sync in 739 minutes. Check the app and network.
[2026-09-24 04:46:20] STALE: last successful sync was 742 minute(s) ago (threshold 45).
[2026-09-24 04:46:20] Toast suppressed (cooldown active): EnQuote Sync Stale - No successful Base44 sync in 742 minutes. Check the app and network.
[2026-09-24 04:49:20] STALE: last successful sync was 745 minute(s) ago (threshold 45).
[2026-09-24 04:49:20] Toast suppressed (cooldown active): EnQuote Sync Stale - No successful Base44 sync in 745 minutes. Check the app and network.
[2026-09-24 04:52:19] STALE: last successful sync was 748 minute(s) ago (threshold 45).
[2026-09-24 04:52:19] Toast suppressed (cooldown active): EnQuote Sync Stale - No successful Base44 sync in 748 minutes. Check the app and network.
[2026-09-24 04:55:20] STALE: last successful sync was 751 minute(s) ago (threshold 45).
[2026-09-24 04:55:20] Toast suppressed (cooldown active): EnQuote Sync Stale - No successful Base44 sync in 751 minutes. Check the app and network.
[2026-09-24 04:58:20] STALE: last successful sync was 754 minute(s) ago (threshold 45).
[2026-09-24 04:58:20] Toast shown: EnQuote Sync Stale - No successful Base44 sync in 754 minutes. Check the app and network.
[2026-09-24 05:01:20] STALE: last successful sync was 757 minute(s) ago (threshold 45).
[2026-09-24 05:01:20] Toast suppressed (cooldown active): EnQuote Sync Stale - No successful Base44 sync in 757 minutes. Check the app and network.
[2026-09-24 05:04:21] STALE: last successful sync was 760 minute(s) ago (threshold 45).
[2026-09-24 05:04:21] Toast suppressed (cooldown active): EnQuote Sync Stale - No successful Base44 sync in 760 minutes. Check the app and network.
[2026-09-24 05:07:20] STALE: last successful sync was 763 minute(s) ago (threshold 45).
[2026-09-24 05:07:20] Toast suppressed (cooldown active): EnQuote Sync Stale - No successful Base44 sync in 763 minutes. Check the app and network.
[2026-09-24 05:10:20] STALE: last successful sync was 766 minute(s) ago (threshold 45).
[2026-09-24 05:10:20] Toast suppressed (cooldown active): EnQuote Sync Stale - No successful Base44 sync in 766 minutes. Check the app and network.
[2026-09-24 05:13:19] STALE: last successful sync was 769 minute(s) ago (threshold 45).
[2026-09-24 05:13:19] Toast suppressed (cooldown active): EnQuote Sync Stale - No successful Base44 sync in 769 minutes. Check the app and network.
[2026-09-24 05:16:19] STALE: last successful sync was 772 minute(s) ago (threshold 45).
[2026-09-24 05:16:19] Toast suppressed (cooldown active): EnQuote Sync Stale - No successful Base44 sync in 772 minutes. Check the app and network.
[2026-09-24 05:19:19] STALE: last successful sync was 775 minute(s) ago (threshold 45).
[2026-09-24 05:19:19] Toast suppressed (cooldown active): EnQuote Sync Stale - No successful Base44 sync in 775 minutes. Check the app and network.
[2026-09-24 05:22:19] STALE: last successful sync was 778 minute(s) ago (threshold 45).
[2026-09-24 05:22:19] Toast suppressed (cooldown active): EnQuote Sync Stale - No successful Base44 sync in 778 minutes. Check the app and network.
[2026-09-24 05:25:19] STALE: last successful sync was 781 minute(s) ago (threshold 45).
[2026-09-24 05:25:19] Toast suppressed (cooldown active): EnQuote Sync Stale - No successful Base44 sync in 781 minutes. Check the app and network.
[2026-09-24 05:28:19] STALE: last successful sync was 784 minute(s) ago (threshold 45).
[2026-09-24 05:28:19] Toast suppressed (cooldown active): EnQuote Sync Stale - No successful Base44 sync in 784 minutes. Check the app and network.
[2026-09-24 05:31:19] STALE: last successful sync was 787 minute(s) ago (threshold 45).
[2026-09-24 05:31:19] Toast shown: EnQuote Sync Stale - No successful Base44 sync in 787 minutes. Check the app and network.
[2026-09-24 05:34:20] STALE: last successful sync was 790 minute(s) ago (threshold 45).
[2026-09-24 05:34:20] Toast suppressed (cooldown active): EnQuote Sync Stale - No successful Base44 sync in 790 minutes. Check the app and network.
[2026-09-24 05:37:19] STALE: last successful sync was 793 minute(s) ago (threshold 45).
[2026-09-24 05:37:19] Toast suppressed (cooldown active): EnQuote Sync Stale - No successful Base44 sync in 793 minutes. Check the app and network.
[2026-09-24 05:40:19] STALE: last successful sync was 796 minute(s) ago (threshold 45).
[2026-09-24 05:40:19] Toast suppressed (cooldown active): EnQuote Sync Stale - No successful Base44 sync in 796 minutes. Check the app and network.
[2026-09-24 05:43:19] STALE: last successful sync was 799 minute(s) ago (threshold 45).
[2026-09-24 05:43:19] Toast suppressed (cooldown active): EnQuote Sync Stale - No successful Base44 sync in 799 minutes. Check the app and network.
[2026-09-24 05:46:20] STALE: last successful sync was 802 minute(s) ago (threshold 45).
[2026-09-24 05:46:20] Toast suppressed (cooldown active): EnQuote Sync Stale - No successful Base44 sync in 802 minutes. Check the app and network.
[2026-09-24 05:49:19] STALE: last successful sync was 805 minute(s) ago (threshold 45).
[2026-09-24 05:49:19] Toast suppressed (cooldown active): EnQuote Sync Stale - No successful Base44 sync in 805 minutes. Check the app and network.
[2026-09-24 05:52:19] STALE: last successful sync was 808 minute(s) ago (threshold 45).
[2026-09-24 05:52:19] Toast suppressed (cooldown active): EnQuote Sync Stale - No successful Base44 sync in 808 minutes. Check the app and network.
[2026-09-24 05:55:19] STALE: last successful sync was 811 minute(s) ago (threshold 45).
[2026-09-24 05:55:19] Toast suppressed (cooldown active): EnQuote Sync Stale - No successful Base44 sync in 811 minutes. Check the app and network.
[2026-09-24 05:58:19] STALE: last successful sync was 814 minute(s) ago (threshold 45).
[2026-09-24 05:58:19] Toast suppressed (cooldown active): EnQuote Sync Stale - No successful Base44 sync in 814 minutes. Check the app and network.
[2026-09-24 06:01:19] STALE: last successful sync was 817 minute(s) ago (threshold 45).
[2026-09-24 06:01:19] Toast shown: EnQuote Sync Stale - No successful Base44 sync in 817 minutes. Check the app and network.
[2026-09-24 06:04:20] STALE: last successful sync was 820 minute(s) ago (threshold 45).
[2026-09-24 06:04:20] Toast suppressed (cooldown active): EnQuote Sync Stale - No successful Base44 sync in 820 minutes. Check the app and network.
[2026-09-24 06:07:19] STALE: last successful sync was 823 minute(s) ago (threshold 45).
[2026-09-24 06:07:19] Toast suppressed (cooldown active): EnQuote Sync Stale - No successful Base44 sync in 823 minutes. Check the app and network.
[2026-09-24 06:10:21] STALE: last successful sync was 826 minute(s) ago (threshold 45).
[2026-09-24 06:10:21] Toast suppressed (cooldown active): EnQuote Sync Stale - No successful Base44 sync in 826 minutes. Check the app and network.
[2026-09-24 06:13:19] STALE: last successful sync was 829 minute(s) ago (threshold 45).
[2026-09-24 06:13:19] Toast suppressed (cooldown active): EnQuote Sync Stale - No successful Base44 sync in 829 minutes. Check the app and network.
[2026-09-24 06:16:22] STALE: last successful sync was 832 minute(s) ago (threshold 45).
[2026-09-24 06:16:22] Toast suppressed (cooldown active): EnQuote Sync Stale - No successful Base44 sync in 832 minutes. Check the app and network.
[2026-09-24 06:19:19] STALE: last successful sync was 835 minute(s) ago (threshold 45).
[2026-09-24 06:19:19] Toast suppressed (cooldown active): EnQuote Sync Stale - No successful Base44 sync in 835 minutes. Check the app and network.
[2026-09-24 06:22:19] STALE: last successful sync was 838 minute(s) ago (threshold 45).
[2026-09-24 06:22:19] Toast suppressed (cooldown active): EnQuote Sync Stale - No successful Base44 sync in 838 minutes. Check the app and network.
[2026-09-24 06:25:19] STALE: last successful sync was 841 minute(s) ago (threshold 45).
[2026-09-24 06:25:19] Toast suppressed (cooldown active): EnQuote Sync Stale - No successful Base44 sync in 841 minutes. Check the app and network.
[2026-09-24 06:28:19] STALE: last successful sync was 844 minute(s) ago (threshold 45).
[2026-09-24 06:28:19] Toast suppressed (cooldown active): EnQuote Sync Stale - No successful Base44 sync in 844 minutes. Check the app and network.
[2026-09-24 06:31:19] STALE: last successful sync was 847 minute(s) ago (threshold 45).
[2026-09-24 06:31:19] Toast shown: EnQuote Sync Stale - No successful Base44 sync in 847 minutes. Check the app and network.
[2026-09-24 06:34:20] STALE: last successful sync was 850 minute(s) ago (threshold 45).
[2026-09-24 06:34:21] Toast suppressed (cooldown active): EnQuote Sync Stale - No successful Base44 sync in 850 minutes. Check the app and network.
[2026-09-24 06:37:19] STALE: last successful sync was 853 minute(s) ago (threshold 45).
[2026-09-24 06:37:19] Toast suppressed (cooldown active): EnQuote Sync Stale - No successful Base44 sync in 853 minutes. Check the app and network.
[2026-09-24 06:40:19] STALE: last successful sync was 856 minute(s) ago (threshold 45).
[2026-09-24 06:40:20] Toast suppressed (cooldown active): EnQuote Sync Stale - No successful Base44 sync in 856 minutes. Check the app and network.
[2026-09-24 06:43:19] STALE: last successful sync was 859 minute(s) ago (threshold 45).
[2026-09-24 06:43:19] Toast suppressed (cooldown active): EnQuote Sync Stale - No successful Base44 sync in 859 minutes. Check the app and network.
[2026-09-24 06:46:19] STALE: last successful sync was 862 minute(s) ago (threshold 45).
[2026-09-24 06:46:19] Toast suppressed (cooldown active): EnQuote Sync Stale - No successful Base44 sync in 862 minutes. Check the app and network.
[2026-09-24 06:49:19] STALE: last successful sync was 865 minute(s) ago (threshold 45).
[2026-09-24 06:49:19] Toast suppressed (cooldown active): EnQuote Sync Stale - No successful Base44 sync in 865 minutes. Check the app and network.
[2026-09-24 06:52:19] STALE: last successful sync was 868 minute(s) ago (threshold 45).
[2026-09-24 06:52:20] Toast suppressed (cooldown active): EnQuote Sync Stale - No successful Base44 sync in 868 minutes. Check the app and network.
[2026-09-24 06:55:19] STALE: last successful sync was 871 minute(s) ago (threshold 45).
[2026-09-24 06:55:19] Toast suppressed (cooldown active): EnQuote Sync Stale - No successful Base44 sync in 871 minutes. Check the app and network.
[2026-09-24 06:58:19] STALE: last successful sync was 874 minute(s) ago (threshold 45).
[2026-09-24 06:58:19] Toast suppressed (cooldown active): EnQuote Sync Stale - No successful Base44 sync in 874 minutes. Check the app and network.
[2026-09-24 07:01:19] STALE: last successful sync was 877 minute(s) ago (threshold 45).
[2026-09-24 07:01:19] Toast shown: EnQuote Sync Stale - No successful Base44 sync in 877 minutes. Check the app and network.
[2026-09-24 07:04:20] STALE: last successful sync was 880 minute(s) ago (threshold 45).
[2026-09-24 07:04:20] Toast suppressed (cooldown active): EnQuote Sync Stale - No successful Base44 sync in 880 minutes. Check the app and network.
[2026-09-24 07:07:19] STALE: last successful sync was 883 minute(s) ago (threshold 45).
[2026-09-24 07:07:19] Toast suppressed (cooldown active): EnQuote Sync Stale - No successful Base44 sync in 883 minutes. Check the app and network.
[2026-09-24 07:10:19] STALE: last successful sync was 886 minute(s) ago (threshold 45).
[2026-09-24 07:10:19] Toast suppressed (cooldown active): EnQuote Sync Stale - No successful Base44 sync in 886 minutes. Check the app and network.
[2026-09-24 07:13:20] STALE: last successful sync was 889 minute(s) ago (threshold 45).
[2026-09-24 07:13:20] Toast suppressed (cooldown active): EnQuote Sync Stale - No successful Base44 sync in 889 minutes. Check the app and network.
[2026-09-24 07:16:23] STALE: last successful sync was 892 minute(s) ago (threshold 45).
[2026-09-24 07:16:23] Toast suppressed (cooldown active): EnQuote Sync Stale - No successful Base44 sync in 892 minutes. Check the app and network.
[2026-09-24 07:19:19] STALE: last successful sync was 895 minute(s) ago (threshold 45).
[2026-09-24 07:19:19] Toast suppressed (cooldown active): EnQuote Sync Stale - No successful Base44 sync in 895 minutes. Check the app and network.
[2026-09-24 07:22:19] STALE: last successful sync was 898 minute(s) ago (threshold 45).
[2026-09-24 07:22:19] Toast suppressed (cooldown active): EnQuote Sync Stale - No successful Base44 sync in 898 minutes. Check the app and network.
[2026-09-24 07:25:19] STALE: last successful sync was 901 minute(s) ago (threshold 45).
[2026-09-24 07:25:19] Toast suppressed (cooldown active): EnQuote Sync Stale - No successful Base44 sync in 901 minutes. Check the app and network.
[2026-09-24 07:28:19] STALE: last successful sync was 904 minute(s) ago (threshold 45).
[2026-09-24 07:28:19] Toast suppressed (cooldown active): EnQuote Sync Stale - No successful Base44 sync in 904 minutes. Check the app and network.
[2026-09-24 07:31:20] STALE: last successful sync was 907 minute(s) ago (threshold 45).
[2026-09-24 07:31:20] Toast shown: EnQuote Sync Stale - No successful Base44 sync in 907 minutes. Check the app and network.
[2026-09-24 07:34:21] STALE: last successful sync was 910 minute(s) ago (threshold 45).
[2026-09-24 07:34:21] Toast suppressed (cooldown active): EnQuote Sync Stale - No successful Base44 sync in 910 minutes. Check the app and network.
[2026-09-24 07:37:19] STALE: last successful sync was 913 minute(s) ago (threshold 45).
[2026-09-24 07:37:19] Toast suppressed (cooldown active): EnQuote Sync Stale - No successful Base44 sync in 913 minutes. Check the app and network.
[2026-09-24 07:40:20] STALE: last successful sync was 916 minute(s) ago (threshold 45).
[2026-09-24 07:40:20] Toast suppressed (cooldown active): EnQuote Sync Stale - No successful Base44 sync in 916 minutes. Check the app and network.
[2026-09-24 07:43:20] STALE: last successful sync was 919 minute(s) ago (threshold 45).
[2026-09-24 07:43:20] Toast suppressed (cooldown active): EnQuote Sync Stale - No successful Base44 sync in 919 minutes. Check the app and network.
[2026-09-24 07:46:20] STALE: last successful sync was 922 minute(s) ago (threshold 45).
[2026-09-24 07:46:20] Toast suppressed (cooldown active): EnQuote Sync Stale - No successful Base44 sync in 922 minutes. Check the app and network.
[2026-09-24 07:49:19] STALE: last successful sync was 925 minute(s) ago (threshold 45).
[2026-09-24 07:49:19] Toast suppressed (cooldown active): EnQuote Sync Stale - No successful Base44 sync in 925 minutes. Check the app and network.
[2026-09-24 07:52:20] STALE: last successful sync was 928 minute(s) ago (threshold 45).
[2026-09-24 07:52:20] Toast suppressed (cooldown active): EnQuote Sync Stale - No successful Base44 sync in 928 minutes. Check the app and network.
[2026-09-24 07:55:20] STALE: last successful sync was 931 minute(s) ago (threshold 45).
[2026-09-24 07:55:20] Toast suppressed (cooldown active): EnQuote Sync Stale - No successful Base44 sync in 931 minutes. Check the app and network.
[2026-09-24 07:58:20] STALE: last successful sync was 934 minute(s) ago (threshold 45).
[2026-09-24 07:58:20] Toast suppressed (cooldown active): EnQuote Sync Stale - No successful Base44 sync in 934 minutes. Check the app and network.
[2026-09-24 08:01:22] STALE: last successful sync was 937 minute(s) ago (threshold 45).
[2026-09-24 08:01:22] Toast shown: EnQuote Sync Stale - No successful Base44 sync in 937 minutes. Check the app and network.
[2026-09-24 08:04:23] STALE: last successful sync was 940 minute(s) ago (threshold 45).
[2026-09-24 08:04:23] Toast suppressed (cooldown active): EnQuote Sync Stale - No successful Base44 sync in 940 minutes. Check the app and network.
[2026-09-24 08:07:21] STALE: last successful sync was 943 minute(s) ago (threshold 45).
[2026-09-24 08:07:22] Toast suppressed (cooldown active): EnQuote Sync Stale - No successful Base44 sync in 943 minutes. Check the app and network.
[2026-09-24 08:10:28] STALE: last successful sync was 946 minute(s) ago (threshold 45).
[2026-09-24 08:10:28] Toast suppressed (cooldown active): EnQuote Sync Stale - No successful Base44 sync in 946 minutes. Check the app and network.
[2026-09-24 08:13:23] STALE: last successful sync was 949 minute(s) ago (threshold 45).
[2026-09-24 08:13:23] Toast suppressed (cooldown active): EnQuote Sync Stale - No successful Base44 sync in 949 minutes. Check the app and network.
[2026-09-24 08:16:21] STALE: last successful sync was 952 minute(s) ago (threshold 45).
[2026-09-24 08:16:21] Toast suppressed (cooldown active): EnQuote Sync Stale - No successful Base44 sync in 952 minutes. Check the app and network.
[2026-09-24 08:19:24] STALE: last successful sync was 955 minute(s) ago (threshold 45).
[2026-09-24 08:19:25] Toast suppressed (cooldown active): EnQuote Sync Stale - No successful Base44 sync in 955 minutes. Check the app and network.
[2026-09-24 08:22:23] STALE: last successful sync was 958 minute(s) ago (threshold 45).
[2026-09-24 08:22:23] Toast suppressed (cooldown active): EnQuote Sync Stale - No successful Base44 sync in 958 minutes. Check the app and network.
[2026-09-24 08:25:22] OK: relay healthy, last successful sync 1 minute(s) ago.
[2026-09-24 08:28:21] OK: relay healthy, last successful sync 4 minute(s) ago.
[2026-09-24 08:31:22] OK: relay healthy, last successful sync 7 minute(s) ago.
[2026-09-24 08:34:25] OK: relay healthy, last successful sync 10 minute(s) ago.
[2026-09-24 08:37:25] OK: relay healthy, last successful sync 13 minute(s) ago.
[2026-09-24 08:40:23] OK: relay healthy, last successful sync 16 minute(s) ago.
[2026-09-24 08:43:20] OK: relay healthy, last successful sync 19 minute(s) ago.
[2026-09-24 08:46:23] OK: relay healthy, last successful sync 22 minute(s) ago.
[2026-09-24 08:49:22] OK: relay healthy, last successful sync 25 minute(s) ago.
[2026-09-24 08:52:26] OK: relay healthy, last successful sync 28 minute(s) ago.
[2026-09-24 08:55:22] OK: relay healthy, last successful sync 31 minute(s) ago.
[2026-09-24 08:58:22] OK: relay healthy, last successful sync 34 minute(s) ago.
[2026-09-24 09:01:22] OK: relay healthy, last successful sync 37 minute(s) ago.
[2026-09-24 09:04:23] OK: relay healthy, last successful sync 40 minute(s) ago.
[2026-09-24 09:07:25] OK: relay healthy, last successful sync 43 minute(s) ago.
[2026-09-24 09:10:21] STALE: last successful sync was 46 minute(s) ago (threshold 45).
[2026-09-24 09:10:21] Toast shown: EnQuote Sync Stale - No successful Base44 sync in 46 minutes. Check the app and network.
[2026-09-24 09:13:20] STALE: last successful sync was 49 minute(s) ago (threshold 45).
[2026-09-24 09:13:20] Toast suppressed (cooldown active): EnQuote Sync Stale - No successful Base44 sync in 49 minutes. Check the app and network.
[2026-09-24 09:16:23] STALE: last successful sync was 52 minute(s) ago (threshold 45).
[2026-09-24 09:16:23] Toast suppressed (cooldown active): EnQuote Sync Stale - No successful Base44 sync in 52 minutes. Check the app and network.
[2026-09-24 09:19:24] OK: relay healthy, last successful sync 1 minute(s) ago.
[2026-09-24 09:22:22] OK: relay healthy, last successful sync 1 minute(s) ago.
[2026-09-24 09:25:21] OK: relay healthy, last successful sync 4 minute(s) ago.
[2026-09-24 09:28:22] OK: relay healthy, last successful sync 7 minute(s) ago.
[2026-09-24 09:31:26] OK: relay healthy, last successful sync 10 minute(s) ago.
[2026-09-24 09:34:24] OK: relay healthy, last successful sync 13 minute(s) ago.
[2026-09-24 09:37:23] OK: relay healthy, last successful sync 16 minute(s) ago.
[2026-09-24 09:40:21] OK: relay healthy, last successful sync 3 minute(s) ago.
[2026-09-24 09:43:31] OK: relay healthy, last successful sync 6 minute(s) ago.
[2026-09-24 09:46:21] OK: relay healthy, last successful sync 9 minute(s) ago.
[2026-09-24 09:49:21] OK: relay healthy, last successful sync 12 minute(s) ago.
[2026-09-24 09:52:19] OK: relay healthy, last successful sync 15 minute(s) ago.
[2026-09-24 09:55:21] OK: relay healthy, last successful sync 18 minute(s) ago.
[2026-09-24 09:58:21] OK: relay healthy, last successful sync 21 minute(s) ago.
[2026-09-24 10:01:20] OK: relay healthy, last successful sync 24 minute(s) ago.
[2026-09-24 10:04:19] OK: relay healthy, last successful sync 27 minute(s) ago.
[2026-09-24 10:07:20] OK: relay healthy, last successful sync 30 minute(s) ago.
[2026-09-24 10:10:20] OK: relay healthy, last successful sync 33 minute(s) ago.
[2026-09-24 10:13:20] OK: relay healthy, last successful sync 36 minute(s) ago.
[2026-09-24 10:16:22] OK: relay healthy, last successful sync 39 minute(s) ago.
[2026-09-24 10:19:20] OK: relay healthy, last successful sync 42 minute(s) ago.
[2026-09-24 10:22:20] STALE: last successful sync was 45 minute(s) ago (threshold 45).
[2026-09-24 10:22:20] Toast shown: EnQuote Sync Stale - No successful Base44 sync in 45 minutes. Check the app and network.
[2026-09-24 10:25:20] STALE: last successful sync was 48 minute(s) ago (threshold 45).
[2026-09-24 10:25:20] Toast suppressed (cooldown active): EnQuote Sync Stale - No successful Base44 sync in 48 minutes. Check the app and network.
[2026-09-24 10:28:22] STALE: last successful sync was 51 minute(s) ago (threshold 45).
[2026-09-24 10:28:22] Toast suppressed (cooldown active): EnQuote Sync Stale - No successful Base44 sync in 51 minutes. Check the app and network.
[2026-09-24 10:31:23] STALE: last successful sync was 54 minute(s) ago (threshold 45).
[2026-09-24 10:31:24] Toast suppressed (cooldown active): EnQuote Sync Stale - No successful Base44 sync in 54 minutes. Check the app and network.
[2026-09-24 10:34:22] OK: relay healthy, last successful sync 1 minute(s) ago.
[2026-09-24 10:37:22] OK: relay healthy, last successful sync 4 minute(s) ago.
[2026-09-24 10:40:24] OK: relay healthy, last successful sync 7 minute(s) ago.
[2026-09-24 10:43:26] OK: relay healthy, last successful sync 10 minute(s) ago.
[2026-09-24 10:46:23] OK: relay healthy, last successful sync 13 minute(s) ago.
[2026-09-24 10:49:24] OK: relay healthy, last successful sync 1 minute(s) ago.
[2026-09-24 10:52:25] OK: relay healthy, last successful sync 3 minute(s) ago.
[2026-09-24 10:55:23] OK: relay healthy, last successful sync 2 minute(s) ago.
[2026-09-24 10:58:23] OK: relay healthy, last successful sync 5 minute(s) ago.
[2026-09-24 11:01:21] OK: relay healthy, last successful sync 8 minute(s) ago.
[2026-09-24 11:04:20] OK: relay healthy, last successful sync 11 minute(s) ago.
[2026-09-24 11:07:20] OK: relay healthy, last successful sync 14 minute(s) ago.
[2026-09-24 11:10:22] OK: relay healthy, last successful sync 17 minute(s) ago.
[2026-09-24 11:13:27] OK: relay healthy, last successful sync 20 minute(s) ago.
[2026-09-24 11:16:21] OK: relay healthy, last successful sync 23 minute(s) ago.
[2026-09-24 11:19:22] OK: relay healthy, last successful sync 1 minute(s) ago.
[2026-09-24 11:22:20] OK: relay healthy, last successful sync 4 minute(s) ago.
[2026-09-24 11:25:20] OK: relay healthy, last successful sync 7 minute(s) ago.
[2026-09-24 11:28:20] OK: relay healthy, last successful sync 10 minute(s) ago.
[2026-09-24 11:31:22] OK: relay healthy, last successful sync 13 minute(s) ago.
[2026-09-24 11:34:20] OK: relay healthy, last successful sync 16 minute(s) ago.
[2026-09-24 11:37:21] OK: relay healthy, last successful sync 19 minute(s) ago.
[2026-09-24 11:40:20] OK: relay healthy, last successful sync 22 minute(s) ago.
[2026-09-24 11:43:20] OK: relay healthy, last successful sync 25 minute(s) ago.
[2026-09-24 11:46:20] OK: relay healthy, last successful sync 3 minute(s) ago.
[2026-09-24 11:49:20] OK: relay healthy, last successful sync 1 minute(s) ago.
[2026-09-24 11:52:20] OK: relay healthy, last successful sync 4 minute(s) ago.
[2026-09-24 11:55:19] OK: relay healthy, last successful sync 7 minute(s) ago.
[2026-09-24 11:58:19] OK: relay healthy, last successful sync 2 minute(s) ago.
[2026-09-24 12:01:19] OK: relay healthy, last successful sync 5 minute(s) ago.
[2026-09-24 12:04:20] OK: relay healthy, last successful sync 8 minute(s) ago.
[2026-09-24 12:07:19] OK: relay healthy, last successful sync 11 minute(s) ago.
[2026-09-24 12:10:20] OK: relay healthy, last successful sync 1 minute(s) ago.
[2026-09-24 12:13:21] OK: relay healthy, last successful sync 2 minute(s) ago.
[2026-09-24 12:16:20] OK: relay healthy, last successful sync 5 minute(s) ago.
[2026-09-24 12:19:19] OK: relay healthy, last successful sync 8 minute(s) ago.
[2026-09-24 12:22:19] OK: relay healthy, last successful sync 11 minute(s) ago.
[2026-09-24 12:25:19] OK: relay healthy, last successful sync 14 minute(s) ago.
